filename,language,source,url,title,date,crawled_at,filepath
932539_619cdbb7.json,bangla,bangla_tribune,https://www.banglatribune.com/business/news/932539/%E0%A6%B0%E0%A6%AB%E0%A6%A4%E0%A6%BE%E0%A6%A8%E0%A6%BF-%E0%A6%AC%E0%A6%BE%E0%A6%9C%E0%A6%BE%E0%A6%B0-%E0%A6%B9%E0%A6%BE%E0%A6%B0%E0%A6%BE%E0%A6%A8%E0%A7%8B%E0%A6%B0-%E0%A6%9D%E0%A7%81%E0%A6%81%E0%A6%95%E0%A6%BF%E0%A6%A4%E0%A7%87-%E0%A6%AC%E0%A6%BE%E0%A6%82%E0%A6%B2%E0%A6%BE%E0%A6%A6%E0%A7%87%E0%A6%B6,রফতানি বাজার হারানোর ঝুঁকিতে বাংলাদেশ,,2026-02-14 00:08:33,D:\IUT SEMESTER 7\CLIR\CLIR-News-Retrieval-System\data\raw\bangla\bangla_tribune\932539_619cdbb7.json
932560_a337e638.json,bangla,bangla_tribune,https://www.banglatribune.com/business/news/932560/%E0%A6%A8%E0%A6%BF%E0%A6%B0%E0%A7%8D%E0%A6%AC%E0%A6%BE%E0%A6%9A%E0%A6%A8-%E0%A6%B8%E0%A6%BE%E0%A6%AE%E0%A6%A8%E0%A7%87-%E0%A6%B0%E0%A7%87%E0%A6%96%E0%A7%87-%E0%A6%A8%E0%A6%97%E0%A6%A6-%E0%A6%9F%E0%A6%BE%E0%A6%95%E0%A6%BE%E0%A6%B0-%E0%A6%9B%E0%A7%9C%E0%A6%BE%E0%A6%9B%E0%A7%9C%E0%A6%BF,নির্বাচন সামনে রেখে নগদ টাকার ছড়াছড়ি,,2026-02-14 00:08:27,D:\IUT SEMESTER 7\CLIR\CLIR-News-Retrieval-System\data\raw\bangla\bangla_tribune\932560_a337e638.json
932561_40c5c1a7.json,bangla,bangla_tribune,https://www.banglatribune.com/politics/awami-league/932561/%E0%A6%A8%E0%A6%BF%E0%A6%B0%E0%A7%8D%E0%A6%AC%E0%A6%BE%E0%A6%9A%E0%A6%A8%E0%A7%87-%E0%A6%A8%E0%A7%87%E0%A6%87-%E0%A6%86%E0%A6%93%E0%A7%9F%E0%A6%BE%E0%A6%AE%E0%A7%80-%E0%A6%B2%E0%A7%80%E0%A6%97-%E0%A6%95%E0%A7%80-%E0%A6%95%E0%A6%B0%E0%A6%AC%E0%A7%87%E0%A6%A8-%E0%A6%A8%E0%A7%8C%E0%A6%95%E0%A6%BE%E0%A6%B0-%E0%A6%AD%E0%A7%8B%E0%A6%9F%E0%A6%BE%E0%A6%B0%E0%A6%B0%E0%A6%BE,"নির্বাচনে নেই আওয়ামী লীগ, কী করবেন নৌকার ভোটাররা?",,2026-02-14 00:08:15,D:\IUT SEMESTER 7\CLIR\CLIR-News-Retrieval-System\data\raw\bangla\bangla_tribune\932561_40c5c1a7.json
932672_b533307e.json,bangla,bangla_tribune,https://www.banglatribune.com/business/news/932672/%E0%A6%AC%E0%A6%BF%E0%A6%B6%E0%A7%8D%E0%A6%AC%E0%A7%87-%E0%A6%AE%E0%A6%A8%E0%A7%8D%E0%A6%A6%E0%A6%BE-%E0%A6%AF%E0%A7%81%E0%A6%95%E0%A7%8D%E0%A6%A4%E0%A6%B0%E0%A6%BE%E0%A6%B7%E0%A7%8D%E0%A6%9F%E0%A7%8D%E0%A6%B0%E0%A7%87-%E0%A6%95%E0%A6%AE%E0%A6%9B%E0%A7%87-%E0%A6%AA%E0%A7%8B%E0%A6%B6%E0%A6%BE%E0%A6%95-%E0%A6%95%E0%A7%87%E0%A6%A8%E0%A6%BE,"বিশ্বে মন্দা: যুক্তরাষ্ট্রে কমছে পোশাক কেনা, ব্যতিক্রম বাংলাদেশ",,2026-02-14 00:08:13,D:\IUT SEMESTER 7\CLIR\CLIR-News-Retrieval-System\data\raw\bangla\bangla_tribune\932672_b533307e.json
932675_53c32321.json,bangla,bangla_tribune,https://www.banglatribune.com/national/932675/%E0%A6%95%E0%A7%87%E0%A6%A8-%E0%A6%9C%E0%A6%BE%E0%A6%A4%E0%A7%80%E0%A7%9F-%E0%A6%97%E0%A6%A3%E0%A6%AE%E0%A6%BE%E0%A6%A7%E0%A7%8D%E0%A6%AF%E0%A6%AE-%E0%A6%93-%E0%A6%B8%E0%A6%AE%E0%A7%8D%E0%A6%AA%E0%A7%8D%E0%A6%B0%E0%A6%9A%E0%A6%BE%E0%A6%B0-%E0%A6%95%E0%A6%AE%E0%A6%BF%E0%A6%B6%E0%A6%A8-%E0%A6%85%E0%A6%A7%E0%A7%8D%E0%A6%AF%E0%A6%BE%E0%A6%A6%E0%A7%87%E0%A6%B6%E0%A7%87,কেন জাতীয় গণমাধ্যম ও সম্প্রচার কমিশন অধ্যাদেশে আপত্তি?,,2026-02-14 00:08:41,D:\IUT SEMESTER 7\CLIR\CLIR-News-Retrieval-System\data\raw\bangla\bangla_tribune\932675_53c32321.json
932760_3a9bcd05.json,bangla,bangla_tribune,https://www.banglatribune.com/business/news/932760/%E0%A6%89%E0%A6%A8%E0%A7%8D%E0%A6%A8%E0%A6%A4-%E0%A6%A6%E0%A7%87%E0%A6%B6%E0%A7%87%E0%A6%B0-%E0%A6%B8%E0%A6%99%E0%A7%8D%E0%A6%97%E0%A7%87-%E0%A6%AA%E0%A7%8D%E0%A6%B0%E0%A6%A5%E0%A6%AE-%E0%A6%AA%E0%A7%82%E0%A6%B0%E0%A7%8D%E0%A6%A3%E0%A6%BE%E0%A6%99%E0%A7%8D%E0%A6%97-%E0%A6%85%E0%A6%B0%E0%A7%8D%E0%A6%A5%E0%A6%A8%E0%A7%88%E0%A6%A4%E0%A6%BF%E0%A6%95,উন্নত দেশের সঙ্গে প্রথম পূর্ণাঙ্গ অর্থনৈতিক চুক্তিতে বাংলাদেশ,,2026-02-14 00:08:53,D:\IUT SEMESTER 7\CLIR\CLIR-News-Retrieval-System\data\raw\bangla\bangla_tribune\932760_3a9bcd05.json
932804_8ffd28b4.json,bangla,bangla_tribune,https://www.banglatribune.com/business/news/932804/%E0%A6%A6%E0%A7%81%E0%A6%87-%E0%A6%A6%E0%A6%B2%E0%A7%87%E0%A6%B0-%E0%A6%87%E0%A6%B6%E0%A6%A4%E0%A7%87%E0%A6%B9%E0%A6%BE%E0%A6%B0%E0%A7%87-%E0%A6%B8%E0%A6%B0%E0%A7%8D%E0%A6%AC%E0%A7%8B%E0%A6%9A%E0%A7%8D%E0%A6%9A-%E0%A6%97%E0%A7%81%E0%A6%B0%E0%A7%81%E0%A6%A4%E0%A7%8D%E0%A6%AC-%E0%A6%85%E0%A6%B0%E0%A7%8D%E0%A6%A5%E0%A6%A8%E0%A7%80%E0%A6%A4%E0%A6%BF%E0%A6%A4%E0%A7%87,দুই দলের ইশতেহারে সর্বোচ্চ গুরুত্ব অর্থনীতিতে,,2026-02-14 00:08:21,D:\IUT SEMESTER 7\CLIR\CLIR-News-Retrieval-System\data\raw\bangla\bangla_tribune\932804_8ffd28b4.json
932806_f8f818fc.json,bangla,bangla_tribune,https://www.banglatribune.com/business/news/932806/%E0%A6%89%E0%A6%A8%E0%A7%8D%E0%A6%A8%E0%A7%9F%E0%A6%A8%E0%A7%87-%E0%A6%A8%E0%A6%9C%E0%A6%B0-%E0%A6%A8%E0%A7%87%E0%A6%87-%E0%A6%A4%E0%A6%AC%E0%A7%81-%E0%A6%AC%E0%A6%BE%E0%A7%9C%E0%A6%9B%E0%A7%87-%E0%A6%AC%E0%A6%BF%E0%A6%A6%E0%A7%87%E0%A6%B6%E0%A6%BF-%E0%A6%8B%E0%A6%A3-%E0%A6%85%E0%A6%B0%E0%A7%8D%E0%A6%A5%E0%A6%A8%E0%A7%80%E0%A6%A4%E0%A6%BF,"উন্নয়নে নজর নেই, তবু বাড়ছে বিদেশি ঋণ: অর্থনীতি ঝুঁকিতে",,2026-02-14 00:08:47,D:\IUT SEMESTER 7\CLIR\CLIR-News-Retrieval-System\data\raw\bangla\bangla_tribune\932806_f8f818fc.json
932814_c9cacadc.json,bangla,bangla_tribune,https://www.banglatribune.com/others/932814/%E0%A6%AD%E0%A7%8B%E0%A6%9F%E0%A6%95%E0%A7%87%E0%A6%A8%E0%A7%8D%E0%A6%A6%E0%A7%8D%E0%A6%B0-%E0%A6%95%E0%A7%9C%E0%A6%BE-%E0%A6%A8%E0%A6%9C%E0%A6%B0%E0%A7%87-%E0%A6%B0%E0%A6%BE%E0%A6%96%E0%A6%A4%E0%A7%87-%E0%A6%B8%E0%A7%87%E0%A6%A8%E0%A6%BE%E0%A6%AC%E0%A6%BE%E0%A6%B9%E0%A6%BF%E0%A6%A8%E0%A7%80%E0%A6%B0-%E0%A6%AF%E0%A6%A4-%E0%A6%AA%E0%A7%8D%E0%A6%B0%E0%A6%B8%E0%A7%8D%E0%A6%A4%E0%A7%81%E0%A6%A4%E0%A6%BF,ভোটকেন্দ্র কড়া নজরে রাখতে সেনাবাহিনীর যত প্রস্তুতি,,2026-02-14 00:08:44,D:\IUT SEMESTER 7\CLIR\CLIR-News-Retrieval-System\data\raw\bangla\bangla_tribune\932814_c9cacadc.json
932910_64925720.json,bangla,bangla_tribune,https://www.banglatribune.com/business/news/932910/%E0%A6%9A%E0%A6%9F%E0%A7%8D%E0%A6%9F%E0%A6%97%E0%A7%8D%E0%A6%B0%E0%A6%BE%E0%A6%AE-%E0%A6%AC%E0%A6%A8%E0%A7%8D%E0%A6%A6%E0%A6%B0-%E0%A6%A8%E0%A6%BF%E0%A7%9F%E0%A7%87-%E0%A6%86%E0%A6%B8%E0%A6%B2%E0%A7%87-%E0%A6%95%E0%A7%80-%E0%A6%B9%E0%A6%9A%E0%A7%8D%E0%A6%9B%E0%A7%87-%E0%A6%B8%E0%A6%82%E0%A6%95%E0%A6%9F-%E0%A6%95%E0%A6%A4%E0%A6%9F%E0%A6%BE,"চট্টগ্রাম বন্দর নিয়ে আসলে কী হচ্ছে, সংকট কতটা গভীরে",,2026-02-14 00:08:30,D:\IUT SEMESTER 7\CLIR\CLIR-News-Retrieval-System\data\raw\bangla\bangla_tribune\932910_64925720.json
933051_de6e6c81.json,bangla,bangla_tribune,https://www.banglatribune.com/business/news/933051/%E0%A6%AF%E0%A7%81%E0%A6%95%E0%A7%8D%E0%A6%A4%E0%A6%B0%E0%A6%BE%E0%A6%B7%E0%A7%8D%E0%A6%9F%E0%A7%8D%E0%A6%B0%E0%A7%87%E0%A6%B0-%E0%A6%B8%E0%A6%99%E0%A7%8D%E0%A6%97%E0%A7%87-%E0%A6%9A%E0%A7%81%E0%A6%95%E0%A7%8D%E0%A6%A4%E0%A6%BF-%E0%A6%B9%E0%A6%9A%E0%A7%8D%E0%A6%9B%E0%A7%87-%E0%A6%B8%E0%A7%8B%E0%A6%AE%E0%A6%AC%E0%A6%BE%E0%A6%B0-%E0%A6%95%E0%A6%A4%E0%A6%9F%E0%A6%BE,"যুক্তরাষ্ট্রের সঙ্গে চুক্তি হচ্ছে সোমবার, কতটা সুবিধা পাবে বাংলাদেশ?",,2026-02-14 00:08:35,D:\IUT SEMESTER 7\CLIR\CLIR-News-Retrieval-System\data\raw\bangla\bangla_tribune\933051_de6e6c81.json
933229_b611abd6.json,bangla,bangla_tribune,https://www.banglatribune.com/business/news/933229/%E0%A6%85%E0%A6%B0%E0%A7%8D%E0%A6%A5%E0%A6%A8%E0%A7%80%E0%A6%A4%E0%A6%BF-%E0%A6%95%E0%A7%8B%E0%A6%A5%E0%A6%BE%E0%A6%AF%E0%A6%BC-%E0%A6%B0%E0%A7%87%E0%A6%96%E0%A7%87-%E0%A6%AF%E0%A6%BE%E0%A6%9A%E0%A7%8D%E0%A6%9B%E0%A7%87-%E0%A6%85%E0%A6%A8%E0%A7%8D%E0%A6%A4%E0%A6%B0%E0%A7%8D%E0%A6%AC%E0%A6%B0%E0%A7%8D%E0%A6%A4%E0%A7%80-%E0%A6%B8%E0%A6%B0%E0%A6%95%E0%A6%BE%E0%A6%B0,অর্থনীতি কোথায় রেখে যাচ্ছে অন্তর্বর্তী সরকার,,2026-02-14 00:08:07,D:\IUT SEMESTER 7\CLIR\CLIR-News-Retrieval-System\data\raw\bangla\bangla_tribune\933229_b611abd6.json
933522_6ea8ed3c.json,bangla,bangla_tribune,https://www.banglatribune.com/others/933522/%E0%A6%AD%E0%A7%8B%E0%A6%9F%E0%A7%87%E0%A6%B0-%E0%A6%AE%E0%A6%BE%E0%A6%A0%E0%A7%87-%E0%A6%B8%E0%A6%BE%E0%A6%B0%E0%A6%BE-%E0%A6%A6%E0%A7%87%E0%A6%B6%E0%A7%87-%E0%A7%AF-%E0%A6%B2%E0%A6%BE%E0%A6%96-%E0%A6%B8%E0%A6%A6%E0%A6%B8%E0%A7%8D%E0%A6%AF%E0%A7%87%E0%A6%B0-%E0%A6%A8%E0%A6%BF%E0%A6%B0%E0%A6%BE%E0%A6%AA%E0%A6%A4%E0%A7%8D%E0%A6%A4%E0%A6%BE-%E0%A6%AC%E0%A6%B2%E0%A7%9F,ভোটের মাঠে সারা দেশে ৯ লাখ সদস্যের নিরাপত্তা বলয়,,2026-02-14 00:08:57,D:\IUT SEMESTER 7\CLIR\CLIR-News-Retrieval-System\data\raw\bangla\bangla_tribune\933522_6ea8ed3c.json
933525_332c8a86.json,bangla,bangla_tribune,https://www.banglatribune.com/others/933525/%E0%A6%AD%E0%A7%8B%E0%A6%9F%E0%A7%87%E0%A6%B0-%E0%A6%AE%E0%A6%BE%E0%A6%A0%E0%A7%87-%E0%A6%97%E0%A7%81%E0%A6%9C%E0%A6%AC%E0%A7%87%E0%A6%B0-%E0%A6%A6%E0%A6%BE%E0%A6%AA%E0%A6%9F-%E2%80%98%E0%A6%A4%E0%A6%A5%E0%A7%8D%E0%A6%AF%E0%A6%AF%E0%A7%81%E0%A6%A6%E0%A7%8D%E0%A6%A7%E2%80%99%E0%A6%B0-%E0%A6%A8%E0%A6%A4%E0%A7%81%E0%A6%A8,ভোটের মাঠে গুজবের দাপট: ‘তথ্যযুদ্ধ’র নতুন চ্যালেঞ্জ,,2026-02-14 00:08:25,D:\IUT SEMESTER 7\CLIR\CLIR-News-Retrieval-System\data\raw\bangla\bangla_tribune\933525_332c8a86.json
933526_a1413ef1.json,bangla,bangla_tribune,https://www.banglatribune.com/national/933526/%E0%A6%85%E0%A6%A8%E0%A7%8D%E0%A6%A4%E0%A6%B0%E0%A7%8D%E0%A6%AC%E0%A6%B0%E0%A7%8D%E0%A6%A4%E0%A7%80-%E0%A6%B8%E0%A6%B0%E0%A6%95%E0%A6%BE%E0%A6%B0%E0%A7%87%E0%A6%B0-%E0%A6%89%E0%A6%AA%E0%A6%A6%E0%A7%87%E0%A6%B7%E0%A7%8D%E0%A6%9F%E0%A6%BE%E0%A6%B0%E0%A6%BE-%E0%A6%95%E0%A7%87-%E0%A6%95%E0%A7%8B%E0%A6%A5%E0%A6%BE%E0%A7%9F-%E0%A6%AD%E0%A7%8B%E0%A6%9F-%E0%A6%A6%E0%A7%87%E0%A6%AC%E0%A7%87%E0%A6%A8,অন্তর্বর্তী সরকারের উপদেষ্টারা কে কোথায় ভোট দেবেন,,2026-02-14 00:08:10,D:\IUT SEMESTER 7\CLIR\CLIR-News-Retrieval-System\data\raw\bangla\bangla_tribune\933526_a1413ef1.json
933527_a568ac92.json,bangla,bangla_tribune,https://www.banglatribune.com/business/news/933527/%E0%A6%9F%E0%A6%BE%E0%A6%95%E0%A6%BE%C2%A0%E2%80%98%E0%A6%9B%E0%A6%BF%E0%A6%9F%E0%A6%BE%E0%A6%A8%E0%A7%8B%E2%80%99-%E0%A6%AD%E0%A7%8B%E0%A6%9F%E0%A7%87-%E0%A6%95%E0%A6%A4%E0%A6%9F%E0%A6%BE-%E0%A6%AA%E0%A7%8D%E0%A6%B0%E0%A6%AD%E0%A6%BE%E0%A6%AC-%E0%A6%AA%E0%A7%9C%E0%A6%AC%E0%A7%87,"টাকা ‘ছিটানো’, ভোটে কতটা প্রভাব পড়বে",,2026-02-14 00:08:38,D:\IUT SEMESTER 7\CLIR\CLIR-News-Retrieval-System\data\raw\bangla\bangla_tribune\933527_a568ac92.json
933543_941c88e9.json,bangla,bangla_tribune,https://www.banglatribune.com/national/933543/%E0%A6%9C%E0%A7%87%E0%A6%A8-%E0%A6%9C%E0%A6%BF-%E0%A6%86%E0%A6%B0-%E0%A6%A8%E0%A6%BE%E0%A6%B0%E0%A7%80-%E0%A6%AD%E0%A7%87%E0%A6%BE%E0%A6%9F%E0%A6%BE%E0%A6%B0%E0%A7%87-%E0%A6%AE%E0%A7%87%E0%A6%BE%E0%A7%9C-%E0%A6%98%E0%A7%81%E0%A6%B0%E0%A6%AC%E0%A7%87-%E0%A6%AB%E0%A6%B2%E0%A6%BE%E0%A6%AB%E0%A6%B2%E0%A7%87%E0%A6%B0,জেন-জি আর নারী ভোটারে মোড় ঘুরবে ফলাফলের,,2026-02-14 00:08:50,D:\IUT SEMESTER 7\CLIR\CLIR-News-Retrieval-System\data\raw\bangla\bangla_tribune\933543_941c88e9.json
933743_197dae57.json,bangla,bangla_tribune,https://www.banglatribune.com/national/933743/%E0%A6%95%E0%A7%80%E0%A6%AD%E0%A6%BE%E0%A6%AC%E0%A7%87-%E0%A6%AC%E0%A7%81%E0%A6%A7%E0%A6%AC%E0%A6%BE%E0%A6%B0-%E0%A6%B0%E0%A6%BE%E0%A6%A4%E0%A7%87%E0%A6%B0-%E0%A6%B6%E0%A6%99%E0%A7%8D%E0%A6%95%E0%A6%BE-%E0%A6%AC%E0%A7%83%E0%A6%B9%E0%A6%B8%E0%A7%8D%E0%A6%AA%E0%A6%A4%E0%A6%BF%E0%A6%AC%E0%A6%BE%E0%A6%B0-%E0%A6%AD%E0%A6%BF%E0%A6%A8%E0%A7%8D%E0%A6%A8-%E0%A6%B0%E0%A7%82%E0%A6%AA,কীভাবে বুধবার রাতের শঙ্কা বৃহস্পতিবার ভিন্ন রূপ নিলো,,2026-02-14 00:08:18,D:\IUT SEMESTER 7\CLIR\CLIR-News-Retrieval-System\data\raw\bangla\bangla_tribune\933743_197dae57.json
933757_f97d9369.json,bangla,bangla_tribune,https://www.banglatribune.com/country/dhaka/933757/%E0%A6%9C%E0%A6%BE%E0%A6%AE%E0%A6%BE%E0%A7%9F%E0%A6%BE%E0%A6%A4-%E0%A6%AA%E0%A7%8D%E0%A6%B0%E0%A6%BE%E0%A6%B0%E0%A7%8D%E0%A6%A5%E0%A7%80%E0%A6%B0-%E0%A6%97%E0%A6%BE%E0%A6%A6%E0%A7%8D%E0%A6%A6%E0%A6%BE%E0%A6%B0%E0%A6%BF-%E0%A6%AC%E0%A6%BE%E0%A6%82%E0%A6%B2%E0%A6%BE%E0%A6%A6%E0%A7%87%E0%A6%B6-%E0%A6%AE%E0%A6%A8%E0%A7%87-%E0%A6%B0%E0%A6%BE%E0%A6%96%E0%A6%AC%E0%A7%87,জামায়াত প্রার্থীর গাদ্দারি বাংলাদেশ মনে রাখবে: সারোয়ার তুষার,,2026-02-14 00:07:07,D:\IUT SEMESTER 7\CLIR\CLIR-News-Retrieval-System\data\raw\bangla\bangla_tribune\933757_f97d9369.json
933782_f47aa69d.json,bangla,bangla_tribune,https://www.banglatribune.com/politics/bnp/933782/%E0%A6%B6%E0%A6%BE%E0%A6%AE%E0%A7%80%E0%A6%AE-%E0%A6%B8%E0%A6%BE%E0%A6%88%E0%A6%A6%E0%A7%80%E0%A6%95%E0%A7%87-%E0%A6%B9%E0%A6%BE%E0%A6%B0%E0%A6%BE%E0%A6%B2%E0%A7%8B-%E0%A6%AC%E0%A6%BF%E0%A6%8F%E0%A6%A8%E0%A6%AA%E0%A6%BF%E0%A6%B0-%E0%A6%AE%E0%A6%9E%E0%A7%8D%E0%A6%9C%E0%A7%81%C2%A0,শামীম সাঈদীকে হারালো বিএনপির মঞ্জু,,2026-02-14 00:07:02,D:\IUT SEMESTER 7\CLIR\CLIR-News-Retrieval-System\data\raw\bangla\bangla_tribune\933782_f47aa69d.json
933803_8e332bdb.json,bangla,bangla_tribune,https://www.banglatribune.com/country/chitagong/933803/%E0%A6%9A%E0%A6%9F%E0%A7%8D%E0%A6%9F%E0%A6%97%E0%A7%8D%E0%A6%B0%E0%A6%BE%E0%A6%AE%E0%A7%87-%E0%A7%A7%E0%A7%AC-%E0%A6%86%E0%A6%B8%E0%A6%A8-%E0%A6%95%E0%A7%8B%E0%A6%A8-%E0%A6%86%E0%A6%B8%E0%A6%A8%E0%A7%87-%E0%A6%95%E0%A7%87-%E0%A6%95%E0%A6%A4-%E0%A6%AD%E0%A7%8B%E0%A6%9F-%E0%A6%AA%E0%A7%87%E0%A7%9F%E0%A7%87-%E0%A6%9C%E0%A7%9F%E0%A7%80,চট্টগ্রামে ১৬ আসন: কোন আসনে কে কত ভোট পেয়ে জয়ী,,2026-02-14 00:07:26,D:\IUT SEMESTER 7\CLIR\CLIR-News-Retrieval-System\data\raw\bangla\bangla_tribune\933803_8e332bdb.json
933812_fb5ee5c3.json,bangla,bangla_tribune,https://www.banglatribune.com/others/933812/%E0%A6%A2%E0%A6%BE%E0%A6%95%E0%A6%BE-%E0%A6%AC%E0%A6%BF%E0%A6%AD%E0%A6%BE%E0%A6%97%E0%A7%80%E0%A7%9F-%E0%A6%95%E0%A6%BE%E0%A6%B0%E0%A7%8D%E0%A6%AF%E0%A6%BE%E0%A6%B2%E0%A7%9F-%E0%A6%A5%E0%A7%87%E0%A6%95%E0%A7%87-%E0%A6%98%E0%A7%8B%E0%A6%B7%E0%A6%BF%E0%A6%A4-%E0%A7%A7%E0%A7%A8%E0%A6%9F%E0%A6%BF-%E0%A6%86%E0%A6%B8%E0%A6%A8%E0%A7%87%E0%A6%B0,ঢাকা বিভাগীয় কার্যালয় থেকে ঘোষিত ১৩টি আসনের চূড়ান্ত ফলাফল,,2026-02-14 00:07:05,D:\IUT SEMESTER 7\CLIR\CLIR-News-Retrieval-System\data\raw\bangla\bangla_tribune\933812_fb5ee5c3.json
933838_e7bdcc29.json,bangla,bangla_tribune,https://www.banglatribune.com/politics/jamat-e-islam/933838/%E0%A6%A4%E0%A6%BE%E0%A6%B0%E0%A7%87%E0%A6%95-%E0%A6%B0%E0%A6%B9%E0%A6%AE%E0%A6%BE%E0%A6%A8%E0%A7%87%E0%A6%B0-%E0%A6%95%E0%A6%BE%E0%A6%9B%E0%A7%87-%E0%A6%B9%E0%A7%87%E0%A6%B0%E0%A7%87-%E0%A6%AF%E0%A6%BE-%E0%A6%AC%E0%A6%B2%E0%A6%B2%E0%A7%87%E0%A6%A8-%E0%A6%96%E0%A6%BE%E0%A6%B2%E0%A6%BF%E0%A6%A6%E0%A7%81%E0%A6%9C%E0%A7%8D%E0%A6%9C%E0%A6%BE%E0%A6%AE%E0%A6%BE%E0%A6%A8,তারেক রহমানের কাছে হেরে যা বললেন খালিদুজ্জামান,,2026-02-14 00:07:00,D:\IUT SEMESTER 7\CLIR\CLIR-News-Retrieval-System\data\raw\bangla\bangla_tribune\933838_e7bdcc29.json
933871_83d4f921.json,bangla,bangla_tribune,https://www.banglatribune.com/politics/bnp/933871/%E0%A6%87%E0%A6%B2%E0%A7%87%E0%A6%95%E0%A6%B6%E0%A6%A8-%E0%A6%87%E0%A6%9E%E0%A7%8D%E0%A6%9C%E0%A6%BF%E0%A6%A8%E0%A6%BF%E0%A7%9F%E0%A6%BE%E0%A6%B0%E0%A6%BF%E0%A6%82%E0%A7%9F%E0%A7%87%E0%A6%B0-%E0%A6%85%E0%A6%AD%E0%A6%BF%E0%A6%AF%E0%A7%8B%E0%A6%97-%E0%A6%A4%E0%A7%81%E0%A6%B2%E0%A7%87-%E0%A6%AA%E0%A7%81%E0%A6%A8%E0%A6%B0%E0%A7%8D%E0%A6%A8%E0%A6%BF%E0%A6%B0%E0%A7%8D%E0%A6%AC%E0%A6%BE%E0%A6%9A%E0%A6%A8%E0%A7%87%E0%A6%B0,ইলেকশন ইঞ্জিনিয়ারিংয়ের অভিযোগ তুলে পুনর্নির্বাচনের দাবি তুলির,,2026-02-14 00:09:37,D:\IUT SEMESTER 7\CLIR\CLIR-News-Retrieval-System\data\raw\bangla\bangla_tribune\933871_83d4f921.json
933873_050598c0.json,bangla,bangla_tribune,https://www.banglatribune.com/country/933873/%E0%A6%9C%E0%A6%A8%E0%A6%97%E0%A6%A3%E0%A7%87%E0%A6%B0-%E0%A6%AA%E0%A7%8D%E0%A6%B0%E0%A6%A4%E0%A7%8D%E0%A6%AF%E0%A6%BE%E0%A6%B6%E0%A6%BE-%E0%A6%AA%E0%A7%82%E0%A6%B0%E0%A6%A3-%E0%A6%95%E0%A6%B0%E0%A6%BE%E0%A6%87-%E0%A6%8F%E0%A6%96%E0%A6%A8-%E0%A6%86%E0%A6%AE%E0%A6%BE%E0%A6%A6%E0%A7%87%E0%A6%B0-%E0%A6%AA%E0%A7%8D%E0%A6%B0%E0%A6%A7%E0%A6%BE%E0%A6%A8,জনগণের প্রত্যাশা পূরণ করাই এখন আমাদের প্রধান কর্তব্য: সালাহ উদ্দিন,,2026-02-14 00:09:40,D:\IUT SEMESTER 7\CLIR\CLIR-News-Retrieval-System\data\raw\bangla\bangla_tribune\933873_050598c0.json
933878_eb4a49fe.json,bangla,bangla_tribune,https://www.banglatribune.com/politics/bnp/933878/%E0%A6%A8%E0%A6%BE%E0%A6%B8%E0%A7%80%E0%A6%B0%E0%A7%81%E0%A6%A6%E0%A7%8D%E0%A6%A6%E0%A7%80%E0%A6%A8-%E0%A6%AA%E0%A6%BE%E0%A6%9F%E0%A6%93%E0%A7%9F%E0%A6%BE%E0%A6%B0%E0%A7%80%E0%A6%B0-%E0%A6%AA%E0%A7%8D%E0%A6%B0%E0%A6%BE%E0%A6%AA%E0%A7%8D%E0%A6%A4-%E0%A6%AD%E0%A7%8B%E0%A6%9F-%E0%A6%A8%E0%A6%BF%E0%A7%9F%E0%A7%87-%E0%A6%AE%E0%A6%BF%E0%A6%B0%E0%A7%8D%E0%A6%9C%E0%A6%BE,নাসীরুদ্দীন পাটওয়ারীর প্রাপ্ত ভোট নিয়ে মির্জা আব্বাসের বিস্ময়,,2026-02-14 00:07:11,D:\IUT SEMESTER 7\CLIR\CLIR-News-Retrieval-System\data\raw\bangla\bangla_tribune\933878_eb4a49fe.json
933880_33257c23.json,bangla,bangla_tribune,https://www.banglatribune.com/country/933880/%E0%A6%95%E0%A7%81%E0%A7%9C%E0%A6%BF%E0%A6%97%E0%A7%8D%E0%A6%B0%E0%A6%BE%E0%A6%AE%E0%A7%87-%E0%A6%9C%E0%A6%BE%E0%A6%AE%E0%A6%BE%E0%A6%A8%E0%A6%A4-%E0%A6%B9%E0%A6%BE%E0%A6%B0%E0%A6%BE%E0%A6%B2%E0%A7%87%E0%A6%A8-%E0%A6%9C%E0%A6%BE%E0%A6%AA%E0%A6%BE-%E0%A6%93-%E0%A6%87%E0%A6%B8%E0%A6%B2%E0%A6%BE%E0%A6%AE%E0%A7%80-%E0%A6%86%E0%A6%A8%E0%A7%8D%E0%A6%A6%E0%A7%8B%E0%A6%B2%E0%A6%A8%E0%A7%87%E0%A6%B0,কুড়িগ্রামে জামানত হারালেন জাপা ও ইসলামী আন্দোলনের ৬ প্রার্থীসহ ১৮ জন,,2026-02-14 00:09:47,D:\IUT SEMESTER 7\CLIR\CLIR-News-Retrieval-System\data\raw\bangla\bangla_tribune\933880_33257c23.json
933886_3120edd6.json,bangla,bangla_tribune,https://www.banglatribune.com/politics/bnp/933886/%E0%A6%A6%E0%A6%B2-%E0%A6%B9%E0%A6%BF%E0%A6%B8%E0%A7%87%E0%A6%AC%E0%A7%87-%E0%A6%86%E0%A6%93%E0%A7%9F%E0%A6%BE%E0%A6%AE%E0%A7%80-%E0%A6%B2%E0%A7%80%E0%A6%97%E0%A7%87%E0%A6%B0-%E0%A6%AC%E0%A6%BF%E0%A6%9A%E0%A6%BE%E0%A6%B0-%E0%A6%AA%E0%A7%8D%E0%A6%B0%E0%A6%A4%E0%A7%8D%E0%A6%AF%E0%A6%BE%E0%A6%B6%E0%A6%BE,দল হিসেবে আওয়ামী লীগের বিচার প্রত্যাশা সালাহ উদ্দিনের,,2026-02-14 00:09:43,D:\IUT SEMESTER 7\CLIR\CLIR-News-Retrieval-System\data\raw\bangla\bangla_tribune\933886_3120edd6.json
933893_f0fc4683.json,bangla,bangla_tribune,https://www.banglatribune.com/politics/bnp/933893/%E0%A6%AF%E0%A7%87-%E0%A6%95%E0%A6%BE%E0%A6%B0%E0%A6%A3%E0%A7%87-%E0%A6%B9%E0%A6%BE%E0%A6%B0%E0%A6%B2%E0%A7%87%E0%A6%A8-%E0%A6%AA%E0%A7%8D%E0%A6%B0%E0%A6%A7%E0%A6%BE%E0%A6%A8-%E0%A6%A4%E0%A6%BF%E0%A6%A8-%E0%A6%A6%E0%A6%B2%E0%A7%87%E0%A6%B0-%E0%A6%B9%E0%A7%87%E0%A6%AD%E0%A6%BF%E0%A6%93%E0%A7%9F%E0%A7%87%E0%A6%9F-%C2%A0%E0%A6%A8%E0%A7%87%E0%A6%A4%E0%A6%BE%E0%A6%B0%E0%A6%BE%C2%A0,যে কারণে হারলেন প্রধান তিন দলের হেভিওয়েট নেতারা,,2026-02-14 00:08:04,D:\IUT SEMESTER 7\CLIR\CLIR-News-Retrieval-System\data\raw\bangla\bangla_tribune\933893_f0fc4683.json
933897_c9103fc0.json,bangla,bangla_tribune,https://www.banglatribune.com/my-campus/933897/%E0%A6%A2%E0%A6%BE%E0%A6%AC%E0%A6%BF%E0%A6%A4%E0%A7%87-%E0%A6%AC%E0%A6%BE%E0%A6%AE%E0%A6%AA%E0%A6%A8%E0%A7%8D%E0%A6%A5%E0%A6%BF-%E0%A6%B6%E0%A6%BF%E0%A6%95%E0%A7%8D%E0%A6%B7%E0%A6%BE%E0%A6%B0%E0%A7%8D%E0%A6%A5%E0%A7%80%E0%A6%A6%E0%A7%87%E0%A6%B0-%E0%A6%9C%E0%A6%BE%E0%A6%AE%E0%A6%BE%E0%A7%9F%E0%A6%BE%E0%A6%A4%E0%A6%AC%E0%A6%BF%E0%A6%B0%E0%A7%8B%E0%A6%A7%E0%A7%80,ক্যাম্পাসে রাজাকারবিরোধী গান বাজালেন বামপন্থি শিক্ষার্থীরা,,2026-02-14 00:07:09,D:\IUT SEMESTER 7\CLIR\CLIR-News-Retrieval-System\data\raw\bangla\bangla_tribune\933897_c9103fc0.json
933904_00046e18.json,bangla,bangla_tribune,https://www.banglatribune.com/national/933904/%E0%A6%95%E0%A7%8B%E0%A6%A8-%E0%A6%86%E0%A6%B8%E0%A6%A8%E0%A7%87-%E0%A6%95%E0%A7%87-%E0%A6%AC%E0%A6%BF%E0%A6%9C%E0%A7%9F%E0%A7%80,কোন আসনে কে বিজয়ী,,2026-02-14 00:06:14,D:\IUT SEMESTER 7\CLIR\CLIR-News-Retrieval-System\data\raw\bangla\bangla_tribune\933904_00046e18.json
933905_db7442e9.json,bangla,bangla_tribune,https://www.banglatribune.com/business/news/933905/%E0%A6%85%E0%A6%B0%E0%A7%8D%E0%A6%A5%E0%A6%A8%E0%A7%80%E0%A6%A4%E0%A6%BF%E0%A6%A4%E0%A7%87-%E0%A6%8F%E0%A6%AC%E0%A6%BE%E0%A6%B0-%E0%A6%97%E0%A6%A4%E0%A6%BF-%E0%A6%AB%E0%A6%BF%E0%A6%B0%E0%A6%AC%E0%A7%87,অর্থনীতিতে এবার গতি ফিরবে,,2026-02-14 00:06:27,D:\IUT SEMESTER 7\CLIR\CLIR-News-Retrieval-System\data\raw\bangla\bangla_tribune\933905_db7442e9.json
933906_7ebdb7bc.json,bangla,bangla_tribune,https://www.banglatribune.com/politics/bnp/933906/%E0%A6%AC%E0%A6%BF%E0%A6%8F%E0%A6%A8%E0%A6%AA%E0%A6%BF%E0%A6%B0-%E0%A6%86%E0%A6%B2%E0%A7%8B%E0%A6%9A%E0%A6%A8%E0%A6%BE%E0%A7%9F-%E0%A6%AF%E0%A7%81%E0%A6%97%E0%A6%AA%E0%A7%8E-%E0%A6%B8%E0%A6%99%E0%A7%8D%E0%A6%97%E0%A7%80%E0%A6%A6%E0%A7%87%E0%A6%B0-%E0%A6%A8%E0%A6%BF%E0%A7%9F%E0%A7%87-%E2%80%98%E0%A6%9C%E0%A6%BE%E0%A6%A4%E0%A7%80%E0%A7%9F-%E0%A6%B8%E0%A6%B0%E0%A6%95%E0%A6%BE%E0%A6%B0%E2%80%99,বিএনপির আলোচনায় যুগপৎ সঙ্গীদের নিয়ে ‘জাতীয় সরকার’,,2026-02-14 00:06:36,D:\IUT SEMESTER 7\CLIR\CLIR-News-Retrieval-System\data\raw\bangla\bangla_tribune\933906_7ebdb7bc.json
933907_b6d6a59b.json,bangla,bangla_tribune,https://www.banglatribune.com/politics/bnp/933907/%E0%A6%AC%E0%A6%BF%E0%A6%A6%E0%A7%8D%E0%A6%B0%E0%A7%87%E0%A6%BE%E0%A6%B9%E0%A7%87%E0%A6%B0-%E0%A6%9A%E0%A6%BE%E0%A6%AA-%E0%A6%96%E0%A7%81%E0%A6%AC-%E0%A6%AC%E0%A7%87%E0%A6%B6%E0%A6%BF-%E0%A6%B8%E0%A6%BE%E0%A6%AE%E0%A6%B2%E0%A6%BE%E0%A6%A4%E0%A7%87-%E0%A6%B9%E0%A7%9F%E0%A6%A8%E0%A6%BF-%E0%A6%AC%E0%A6%BF%E0%A6%8F%E0%A6%A8%E0%A6%AA%E0%A6%BF%E0%A6%95%E0%A7%87,বিদ্রোহের চাপ খুব বেশি সামলাতে হয়নি বিএনপিকে,,2026-02-14 00:06:40,D:\IUT SEMESTER 7\CLIR\CLIR-News-Retrieval-System\data\raw\bangla\bangla_tribune\933907_b6d6a59b.json
933908_e990712a.json,bangla,bangla_tribune,https://www.banglatribune.com/national/933908/%E0%A6%A8%E0%A6%A4%E0%A7%81%E0%A6%A8-%E0%A6%B8%E0%A6%B0%E0%A6%95%E0%A6%BE%E0%A6%B0%E0%A7%87%E0%A6%B0-%E0%A6%B8%E0%A6%99%E0%A7%8D%E0%A6%97%E0%A7%87-%E0%A6%95%E0%A6%BE%E0%A6%9C-%E0%A6%95%E0%A6%B0%E0%A6%A4%E0%A7%87-%E0%A6%9A%E0%A6%BE%E0%A7%9F-%E0%A6%AF%E0%A7%81%E0%A6%95%E0%A7%8D%E0%A6%A4%E0%A6%B0%E0%A6%BE%E0%A6%B7%E0%A7%8D%E0%A6%9F%E0%A7%8D%E0%A6%B0,নতুন সরকারের সঙ্গে কাজ করতে চায় যুক্তরাষ্ট্র: মার্কো রুবিও,,2026-02-14 00:06:34,D:\IUT SEMESTER 7\CLIR\CLIR-News-Retrieval-System\data\raw\bangla\bangla_tribune\933908_e990712a.json
933910_130d55eb.json,bangla,bangla_tribune,https://www.banglatribune.com/foreign/asia/933910/%E0%A6%B6%E0%A7%81%E0%A6%B2%E0%A7%8D%E0%A6%95-%E0%A6%95%E0%A6%AE%E0%A6%BF%E0%A7%9F%E0%A7%87-%E0%A6%AF%E0%A7%81%E0%A6%95%E0%A7%8D%E0%A6%A4%E0%A6%B0%E0%A6%BE%E0%A6%B7%E0%A7%8D%E0%A6%9F%E0%A7%8D%E0%A6%B0%E0%A7%87%E0%A6%B0-%E0%A6%B8%E0%A6%99%E0%A7%8D%E0%A6%97%E0%A7%87-%E0%A6%AC%E0%A6%BE%E0%A6%A3%E0%A6%BF%E0%A6%9C%E0%A7%8D%E0%A6%AF-%E0%A6%9A%E0%A7%81%E0%A6%95%E0%A7%8D%E0%A6%A4%E0%A6%BF,শুল্ক কমিয়ে যুক্তরাষ্ট্রের সঙ্গে বাণিজ্য চুক্তি চূড়ান্ত করলো তাইওয়ান,,2026-02-14 00:06:17,D:\IUT SEMESTER 7\CLIR\CLIR-News-Retrieval-System\data\raw\bangla\bangla_tribune\933910_130d55eb.json
933911_73451856.json,bangla,bangla_tribune,https://www.banglatribune.com/others/933911/%E0%A6%B8%E0%A7%8D%E0%A6%AC%E0%A7%88%E0%A6%B0%E0%A6%BE%E0%A6%9A%E0%A6%BE%E0%A6%B0-%E0%A6%AA%E0%A7%8D%E0%A6%B0%E0%A6%A4%E0%A6%BF%E0%A6%B0%E0%A7%8B%E0%A6%A7-%E0%A6%A6%E0%A6%BF%E0%A6%AC%E0%A6%B8-%E0%A6%86%E0%A6%9C%C2%A0,স্বৈরাচার প্রতিরোধ দিবস আজ,,2026-02-14 00:06:12,D:\IUT SEMESTER 7\CLIR\CLIR-News-Retrieval-System\data\raw\bangla\bangla_tribune\933911_73451856.json
933912_9cc29929.json,bangla,bangla_tribune,https://www.banglatribune.com/country/chitagong/933912/%E0%A6%8F%E0%A6%95-%E0%A6%97%E0%A7%8D%E0%A6%B0%E0%A6%BE%E0%A6%AE-%E0%A6%A5%E0%A7%87%E0%A6%95%E0%A7%87-%E0%A6%8F%E0%A6%AE%E0%A6%AA%E0%A6%BF-%E0%A6%B9%E0%A6%B2%E0%A7%87%E0%A6%A8-%E0%A7%A9-%E0%A6%9C%E0%A6%A8,এক গ্রাম থেকে এমপি হলেন ৩ জন,,2026-02-14 00:06:25,D:\IUT SEMESTER 7\CLIR\CLIR-News-Retrieval-System\data\raw\bangla\bangla_tribune\933912_9cc29929.json
933913_8d0376d1.json,bangla,bangla_tribune,https://www.banglatribune.com/others/933913/%E0%A6%AC%E0%A6%B8%E0%A6%A8%E0%A7%8D%E0%A6%A4-%E0%A6%93-%E0%A6%AD%E0%A6%BE%E0%A6%B2%E0%A7%8B%E0%A6%AC%E0%A6%BE%E0%A6%B8%E0%A6%BE-%E0%A6%A6%E0%A6%BF%E0%A6%AC%E0%A6%B8%E0%A7%87%E0%A6%B0-%E0%A6%AE%E0%A6%BF%E0%A6%A4%E0%A6%BE%E0%A6%B2%E0%A6%BF,বসন্ত ও ভালোবাসা দিবসের মিতালি,,2026-02-14 00:06:43,D:\IUT SEMESTER 7\CLIR\CLIR-News-Retrieval-System\data\raw\bangla\bangla_tribune\933913_8d0376d1.json
933914_ced53eea.json,bangla,bangla_tribune,https://www.banglatribune.com/others/933914/%E0%A6%A1%E0%A6%BE%E0%A6%95%E0%A6%B8%E0%A7%81%E0%A6%B0-%E0%A6%AE%E0%A7%8B%E0%A6%B8%E0%A6%BE%E0%A6%A6%E0%A7%8D%E0%A6%A6%E0%A7%87%E0%A6%95%E0%A6%95%E0%A7%87-%E0%A6%B9%E0%A6%A4%E0%A7%8D%E0%A6%AF%E0%A6%BE%E0%A6%B0-%E0%A6%B9%E0%A7%81%E0%A6%AE%E0%A6%95%E0%A6%BF%E0%A6%B0-%E0%A6%85%E0%A6%AD%E0%A6%BF%E0%A6%AF%E0%A7%8B%E0%A6%97-%E0%A6%A5%E0%A6%BE%E0%A6%A8%E0%A6%BE%E0%A6%AF%E0%A6%BC,"ডাকসুর মোসাদ্দেককে হত্যার হুমকির অভিযোগ, থানায় জিডি",,2026-02-14 00:06:10,D:\IUT SEMESTER 7\CLIR\CLIR-News-Retrieval-System\data\raw\bangla\bangla_tribune\933914_ced53eea.json
933915_f16cf080.json,bangla,bangla_tribune,https://www.banglatribune.com/foreign/933915/%E0%A6%A4%E0%A6%BE%E0%A6%B0%E0%A7%81%E0%A6%A3%E0%A7%8D%E0%A6%AF%E0%A7%87%E0%A6%B0-%E0%A6%9C%E0%A7%8B%E0%A7%9F%E0%A6%BE%E0%A6%B0%E0%A7%87-%E0%A6%9C%E0%A7%9F%E0%A7%80-%E0%A6%AA%E0%A7%81%E0%A6%B0%E0%A6%A8%E0%A7%8B-%E0%A6%A7%E0%A6%BE%E0%A6%B0%E0%A6%BE%E0%A6%B0-%E0%A6%B0%E0%A6%BE%E0%A6%9C%E0%A6%A8%E0%A7%80%E0%A6%A4%E0%A6%BF-%E0%A6%B0%E0%A7%9F%E0%A6%9F%E0%A6%BE%E0%A6%B0%E0%A7%8D%E0%A6%B8,তারুণ্যের জোয়ারে জয়ী পুরনো ধারার রাজনীতি: রয়টার্স,,2026-02-14 00:06:31,D:\IUT SEMESTER 7\CLIR\CLIR-News-Retrieval-System\data\raw\bangla\bangla_tribune\933915_f16cf080.json
933916_24a04216.json,bangla,bangla_tribune,https://www.banglatribune.com/country/dhaka/933916/%E0%A6%B8%E0%A7%8D%E0%A6%AC%E0%A7%87%E0%A6%9A%E0%A7%8D%E0%A6%9B%E0%A6%BE%E0%A6%B8%E0%A7%87%E0%A6%AC%E0%A6%95-%E0%A6%A6%E0%A6%B2%E0%A7%87%E0%A6%B0-%E0%A6%A8%E0%A7%87%E0%A6%A4%E0%A6%BE%E0%A6%B0-%E0%A6%A8%E0%A7%87%E0%A6%A4%E0%A7%83%E0%A6%A4%E0%A7%8D%E0%A6%AC%E0%A7%87-%E2%80%98%E0%A6%AC%E0%A6%BF%E0%A6%A6%E0%A7%8D%E0%A6%B0%E0%A7%8B%E0%A6%B9%E0%A7%80%E2%80%99,স্বেচ্ছাসেবক দলের নেতার নেতৃত্বে ‘বিদ্রোহী’ প্রার্থীর সমর্থককে পিটিয়ে হত্যা,,2026-02-14 00:06:38,D:\IUT SEMESTER 7\CLIR\CLIR-News-Retrieval-System\data\raw\bangla\bangla_tribune\933916_24a04216.json
933917_c5c2bf33.json,bangla,bangla_tribune,https://www.banglatribune.com/country/mymensing/933917/%E0%A6%A8%E0%A7%87%E0%A6%A4%E0%A7%8D%E0%A6%B0%E0%A6%95%E0%A7%8B%E0%A6%A8%E0%A6%BE%E0%A6%B0-%E0%A6%9A%E0%A6%BE%E0%A6%B0-%E0%A6%86%E0%A6%B8%E0%A6%A8%E0%A7%87-%E0%A6%97%E0%A6%A3%E0%A6%AD%E0%A7%8B%E0%A6%9F%E0%A7%87-%E2%80%98%E0%A6%B9%E0%A7%8D%E0%A6%AF%E0%A6%BE%E0%A6%81%E2%80%99-%E0%A6%AC%E0%A7%87%E0%A6%B6%E0%A6%BF-%E0%A6%8F%E0%A6%95%E0%A6%9F%E0%A6%BF%E0%A6%A4%E0%A7%87,"নেত্রকোনার চার আসনে গণভোটে ‘হ্যাঁ’ বেশি, একটিতে ‘না’ জয়ী",,2026-02-14 00:06:21,D:\IUT SEMESTER 7\CLIR\CLIR-News-Retrieval-System\data\raw\bangla\bangla_tribune\933917_c5c2bf33.json
933918_83182257.json,bangla,bangla_tribune,https://www.banglatribune.com/sport/football/933918/%E0%A6%B8%E0%A6%95%E0%A6%BE%E0%A6%B2%E0%A7%87-%E0%A6%9A%E0%A7%8D%E0%A6%AF%E0%A6%BE%E0%A6%AE%E0%A7%8D%E0%A6%AA%E0%A6%BF%E0%A7%9F%E0%A6%A8-%E0%A6%B9%E0%A7%9F%E0%A7%87-%E0%A6%B0%E0%A6%BE%E0%A6%A4%E0%A7%87-%E0%A6%9F%E0%A7%8D%E0%A6%B0%E0%A6%AB%E0%A6%BF-%E0%A6%AA%E0%A7%87%E0%A6%B2,সকালে চ্যাম্পিয়ন হয়ে রাতে ট্রফি পেল ঋতুপর্ণা-আলপিরা,,2026-02-14 00:06:48,D:\IUT SEMESTER 7\CLIR\CLIR-News-Retrieval-System\data\raw\bangla\bangla_tribune\933918_83182257.json
933919_e56ddc43.json,bangla,bangla_tribune,https://www.banglatribune.com/sport/cricket/933919/%E0%A6%A1%E0%A6%BE%E0%A6%9A%E0%A6%A6%E0%A7%87%E0%A6%B0-%E0%A6%AC%E0%A6%BF%E0%A6%AA%E0%A6%95%E0%A7%8D%E0%A6%B7%E0%A7%87-%E0%A6%90%E0%A6%A4%E0%A6%BF%E0%A6%B9%E0%A6%BE%E0%A6%B8%E0%A6%BF%E0%A6%95-%E0%A6%9C%E0%A7%9F%E0%A7%87-%E0%A6%B8%E0%A6%AE%E0%A7%8D%E0%A6%AD%E0%A6%BE%E0%A6%AC%E0%A6%A8%E0%A6%BE-%E0%A6%AC%E0%A6%BE%E0%A6%81%E0%A6%9A%E0%A6%BF%E0%A7%9F%E0%A7%87-%E0%A6%B0%E0%A6%BE%E0%A6%96%E0%A6%B2%E0%A7%8B,ডাচদের বিপক্ষে ঐতিহাসিক জয়ে সম্ভাবনা বাঁচিয়ে রাখলো যুক্তরাষ্ট্র,,2026-02-14 00:06:45,D:\IUT SEMESTER 7\CLIR\CLIR-News-Retrieval-System\data\raw\bangla\bangla_tribune\933919_e56ddc43.json
933920_b031fe97.json,bangla,bangla_tribune,https://www.banglatribune.com/country/rangpur/933920/%E0%A6%97%E0%A6%BE%E0%A6%87%E0%A6%AC%E0%A6%BE%E0%A6%A8%E0%A7%8D%E0%A6%A7%E0%A6%BE%E0%A7%9F-%E0%A6%86%E0%A6%87%E0%A6%A8%E0%A6%9C%E0%A7%80%E0%A6%AC%E0%A7%80%E0%A6%B0-%E0%A6%B8%E0%A6%B9%E0%A6%95%E0%A6%BE%E0%A6%B0%E0%A7%80%E0%A6%95%E0%A7%87-%E0%A6%95%E0%A7%81%E0%A6%A1%E0%A6%BC%E0%A6%BE%E0%A6%B2-%E0%A6%A6%E0%A6%BF%E0%A6%AF%E0%A6%BC%E0%A7%87-%E0%A6%95%E0%A7%81%E0%A6%AA%E0%A6%BF%E0%A6%AF%E0%A6%BC%E0%A7%87,গাইবান্ধায় আইনজীবীর সহকারীকে কুড়াল দিয়ে কুপিয়ে হত্যা,,2026-02-14 00:06:23,D:\IUT SEMESTER 7\CLIR\CLIR-News-Retrieval-System\data\raw\bangla\bangla_tribune\933920_b031fe97.json
933921_964327ae.json,bangla,bangla_tribune,https://www.banglatribune.com/country/chitagong/933921/%E0%A6%9A%E0%A6%BE%E0%A6%81%E0%A6%A6%E0%A6%AA%E0%A7%81%E0%A6%B0%E0%A7%87-%E0%A6%86%E0%A6%93%E0%A7%9F%E0%A6%BE%E0%A6%AE%E0%A7%80-%E0%A6%B2%E0%A7%80%E0%A6%97-%E0%A6%95%E0%A6%BE%E0%A6%B0%E0%A7%8D%E0%A6%AF%E0%A6%BE%E0%A6%B2%E0%A7%9F%E0%A7%87-%E0%A6%86%E0%A6%97%E0%A7%81%E0%A6%A8,চাঁদপুরে আওয়ামী লীগ কার্যালয়ে আগুন,,2026-02-14 00:06:05,D:\IUT SEMESTER 7\CLIR\CLIR-News-Retrieval-System\data\raw\bangla\bangla_tribune\933921_964327ae.json
933922_d45d4e5f.json,bangla,bangla_tribune,https://www.banglatribune.com/country/rangpur/933922/%E0%A6%95%E0%A7%81%E0%A7%9C%E0%A6%BF%E0%A6%97%E0%A7%8D%E0%A6%B0%E0%A6%BE%E0%A6%AE-%E0%A7%A8-%E0%A6%86%E0%A6%B8%E0%A6%A8%E0%A7%87-%E0%A6%AC%E0%A6%BF%E0%A6%8F%E0%A6%A8%E0%A6%AA%E0%A6%BF-%E0%A6%AA%E0%A7%8D%E0%A6%B0%E0%A6%BE%E0%A6%B0%E0%A7%8D%E0%A6%A5%E0%A7%80%E0%A6%B0-%E0%A6%AB%E0%A6%B2-%E0%A6%AA%E0%A7%8D%E0%A6%B0%E0%A6%A4%E0%A7%8D%E0%A6%AF%E0%A6%BE%E0%A6%96%E0%A7%8D%E0%A6%AF%E0%A6%BE%E0%A6%A8,"কুড়িগ্রাম-২ আসনে বিএনপি প্রার্থীর ফল প্রত্যাখ্যান, পুনর্গণনার দাবি",,2026-02-14 00:06:07,D:\IUT SEMESTER 7\CLIR\CLIR-News-Retrieval-System\data\raw\bangla\bangla_tribune\933922_d45d4e5f.json
933923_bf5d1436.json,bangla,bangla_tribune,https://www.banglatribune.com/politics/other-politics/933923/%E0%A6%AE%E0%A6%BE%E0%A6%87%E0%A6%95%E0%A7%87-%E0%A6%98%E0%A7%8B%E0%A6%B7%E0%A6%A3%E0%A6%BE-%E0%A6%A6%E0%A6%BF%E0%A7%9F%E0%A7%87-%E0%A6%8F%E0%A6%A8%E0%A6%B8%E0%A6%BF%E0%A6%AA%E0%A6%BF%E0%A6%B0-%E0%A6%A8%E0%A7%87%E0%A6%A4%E0%A6%BE%E0%A6%95%E0%A6%B0%E0%A7%8D%E0%A6%AE%E0%A7%80%E0%A6%A6%E0%A7%87%E0%A6%B0-%E0%A6%AE%E0%A6%BE%E0%A6%B0%E0%A6%A7%E0%A6%B0-%E0%A6%95%E0%A6%B0%E0%A6%BE,"মাইকে ঘোষণা দিয়ে এনসিপির নেতাকর্মীদের মারধর করা হচ্ছে, অভিযোগ আখতারের",,2026-02-14 00:06:18,D:\IUT SEMESTER 7\CLIR\CLIR-News-Retrieval-System\data\raw\bangla\bangla_tribune\933923_bf5d1436.json
933924_853260f7.json,bangla,bangla_tribune,https://www.banglatribune.com/country/barishal/933924/%E0%A6%9C%E0%A6%BE%E0%A6%AE%E0%A6%BE%E0%A7%9F%E0%A6%BE%E0%A6%A4-%E0%A6%95%E0%A6%B0%E0%A7%8D%E0%A6%AE%E0%A7%80%E0%A6%95%E0%A7%87-%E0%A6%AA%E0%A6%BF%E0%A6%9F%E0%A6%BF%E0%A7%9F%E0%A7%87-%E0%A6%9C%E0%A6%96%E0%A6%AE%E0%A7%87%E0%A6%B0-%E0%A6%85%E0%A6%AD%E0%A6%BF%E0%A6%AF%E0%A7%8B%E0%A6%97-%E0%A6%AC%E0%A6%BF%E0%A6%8F%E0%A6%A8%E0%A6%AA%E0%A6%BF%E0%A6%B0,জামায়াত কর্মীকে পিটিয়ে জখমের অভিযোগ বিএনপির প্রার্থীর সমর্থকদের বিরুদ্ধে,,2026-02-14 00:06:29,D:\IUT SEMESTER 7\CLIR\CLIR-News-Retrieval-System\data\raw\bangla\bangla_tribune\933924_853260f7.json
1c787c023bfc3540.json,bangla,dhaka_post,https://www.dhakapost.com/sports/430853?utm_source=internal&utm_medium=related_content&utm_campaign=interlinking,অস্ট্রেলিয়াকে হারিয়ে বিশ্বকাপে জিম্বাবুয়ের অঘটন,2026-02-13 15:17:00,2026-02-14 00:12:00,D:\IUT SEMESTER 7\CLIR\CLIR-News-Retrieval-System\data\raw\bangla\dhaka_post\1c787c023bfc3540.json
3459f243e55ba540.json,bangla,dhaka_post,https://www.dhakapost.com/national/430861?utm_source=internal&utm_medium=related_content&utm_campaign=interlinking,সংসদ নির্বাচনে ফলের সরকারি গেজেট আজই,2026-02-13 15:46:00,2026-02-14 00:14:33,D:\IUT SEMESTER 7\CLIR\CLIR-News-Retrieval-System\data\raw\bangla\dhaka_post\3459f243e55ba540.json
430329_292d0d2a.json,bangla,dhaka_post,https://www.dhakapost.com/national/430329,লাইভতিন আসনের ফল ঘোষণা স্থগিত রাখবে নির্বাচন কমিশন,"আপডেট: ১৩ ফেব্রুয়ারি ২০২৬, ০৫:৩৭",2026-02-14 00:11:09,D:\IUT SEMESTER 7\CLIR\CLIR-News-Retrieval-System\data\raw\bangla\dhaka_post\430329_292d0d2a.json
430736_a2f40925.json,bangla,dhaka_post,https://www.dhakapost.com/country/430736,হেরে গেলেন সারজিস আলম,2026-02-13 01:26:00,2026-02-14 00:11:41,D:\IUT SEMESTER 7\CLIR\CLIR-News-Retrieval-System\data\raw\bangla\dhaka_post\430736_a2f40925.json
430744_081adac7.json,bangla,dhaka_post,https://www.dhakapost.com/national/430744,তিন আসনের ফল ঘোষণা স্থগিত রাখবে নির্বাচন কমিশন,2026-02-13 02:28:00,2026-02-14 00:11:48,D:\IUT SEMESTER 7\CLIR\CLIR-News-Retrieval-System\data\raw\bangla\dhaka_post\430744_081adac7.json
430747_6cbb226e.json,bangla,dhaka_post,https://www.dhakapost.com/national/430747,পোস্টাল ব্যালটে ভোটের জোয়ার : ৮০ শতাংশের বেশি ভোট কাস্টিং,2026-02-13 02:50:00,2026-02-14 00:11:13,D:\IUT SEMESTER 7\CLIR\CLIR-News-Retrieval-System\data\raw\bangla\dhaka_post\430747_6cbb226e.json
430752_a2da12c1.json,bangla,dhaka_post,https://www.dhakapost.com/politics/430752,"আনন্দ মিছিল করবে না বিএনপি, বাদ জুমা মসজিদে মসজিদে দোয়া",2026-02-13 03:16:00,2026-02-14 00:11:17,D:\IUT SEMESTER 7\CLIR\CLIR-News-Retrieval-System\data\raw\bangla\dhaka_post\430752_a2da12c1.json
430762_5d30575e.json,bangla,dhaka_post,https://www.dhakapost.com/country/430762,লুৎফুজ্জামান বাবর বড় ব্যবধানে বিজয়ী,2026-02-13 04:43:00,2026-02-14 00:11:52,D:\IUT SEMESTER 7\CLIR\CLIR-News-Retrieval-System\data\raw\bangla\dhaka_post\430762_5d30575e.json
430766_bbbe01e7.json,bangla,dhaka_post,https://www.dhakapost.com/national/430766,"দিনভর নাটকীয়তার পর নাসীরুদ্দীন পাটওয়ারীর হার, জয়ী মির্জা আব্বাস",2026-02-13 04:51:00,2026-02-14 00:11:44,D:\IUT SEMESTER 7\CLIR\CLIR-News-Retrieval-System\data\raw\bangla\dhaka_post\430766_bbbe01e7.json
430784_6b015dd6.json,bangla,dhaka_post,https://www.dhakapost.com/national/430784,বিএনপি ও তারেক রহমানকে শুভেচ্ছা জানিয়েছে মার্কিন দূতাবাস,2026-02-13 08:57:00,2026-02-14 00:11:24,D:\IUT SEMESTER 7\CLIR\CLIR-News-Retrieval-System\data\raw\bangla\dhaka_post\430784_6b015dd6.json
430793_c97dd1d2.json,bangla,dhaka_post,https://www.dhakapost.com/politics/430793,তারেক রহমানকে উষ্ণ অভিনন্দন জানা‌লেন নরেন্দ্র মোদি,2026-02-13 10:00:00,2026-02-14 00:11:21,D:\IUT SEMESTER 7\CLIR\CLIR-News-Retrieval-System\data\raw\bangla\dhaka_post\430793_c97dd1d2.json
430838_dc389363.json,bangla,dhaka_post,https://www.dhakapost.com/national/430838,সামাজিক যোগাযোগ মাধ্যমে সাড়া জাগিয়ে ভোটে হারলেন যারা,2026-02-13 14:01:00,2026-02-14 00:13:47,D:\IUT SEMESTER 7\CLIR\CLIR-News-Retrieval-System\data\raw\bangla\dhaka_post\430838_dc389363.json
430839_e74d06bf.json,bangla,dhaka_post,https://www.dhakapost.com/national/430839,নির্বাচনী দায়িত্ব শেষে ফেরার পথে প্রাণ গেল আনসার সদস্যের,2026-02-13 14:05:00,2026-02-14 00:13:51,D:\IUT SEMESTER 7\CLIR\CLIR-News-Retrieval-System\data\raw\bangla\dhaka_post\430839_e74d06bf.json
430861_e1e3d17d.json,bangla,dhaka_post,https://www.dhakapost.com/national/430861,সংসদ নির্বাচনে ফলের সরকারি গেজেট আজই,2026-02-13 15:46:00,2026-02-14 00:13:39,D:\IUT SEMESTER 7\CLIR\CLIR-News-Retrieval-System\data\raw\bangla\dhaka_post\430861_e1e3d17d.json
430866_92035437.json,bangla,dhaka_post,https://www.dhakapost.com/national/430866,"ঢাকার ২০টি আসনে কারা বিজয়ী হলেন, ব্যবধান কত",2026-02-13 16:15:00,2026-02-14 00:11:37,D:\IUT SEMESTER 7\CLIR\CLIR-News-Retrieval-System\data\raw\bangla\dhaka_post\430866_92035437.json
430871_339311bd.json,bangla,dhaka_post,https://www.dhakapost.com/sports/430871,ভারতকে ৭ উইকেটে হারাল আরব আমিরাত,2026-02-13 16:30:00,2026-02-14 00:11:28,D:\IUT SEMESTER 7\CLIR\CLIR-News-Retrieval-System\data\raw\bangla\dhaka_post\430871_339311bd.json
430879_6b24016f.json,bangla,dhaka_post,https://www.dhakapost.com/national/430879,আদালতের নির্দেশে দুই আসনের ফল স্থগিত হয়েছে : ইসি সচিব,2026-02-13 17:02:00,2026-02-14 00:14:10,D:\IUT SEMESTER 7\CLIR\CLIR-News-Retrieval-System\data\raw\bangla\dhaka_post\430879_6b24016f.json
430885_da31a77a.json,bangla,dhaka_post,https://www.dhakapost.com/national/430885,"গণভোটের হার কত শতাংশ, জানালেন ইসি সচিব",2026-02-13 17:23:00,2026-02-14 00:13:58,D:\IUT SEMESTER 7\CLIR\CLIR-News-Retrieval-System\data\raw\bangla\dhaka_post\430885_da31a77a.json
430891_2e751012.json,bangla,dhaka_post,https://www.dhakapost.com/national/430891,গণভোটে ‘হ্যাঁ’ জয় : কী কী পরিবর্তন আসছে,2026-02-13 17:50:00,2026-02-14 00:14:06,D:\IUT SEMESTER 7\CLIR\CLIR-News-Retrieval-System\data\raw\bangla\dhaka_post\430891_2e751012.json
430899_3ef2b6b0.json,bangla,dhaka_post,https://www.dhakapost.com/sports/430899,পাকিস্তানি সাবেক ক্রিকেটারের ওপর ক্ষোভ ঝাড়লেন হরভজন,2026-02-13 18:39:00,2026-02-14 00:12:53,D:\IUT SEMESTER 7\CLIR\CLIR-News-Retrieval-System\data\raw\bangla\dhaka_post\430899_3ef2b6b0.json
430903_25319083.json,bangla,dhaka_post,https://www.dhakapost.com/sports/430903,ভারত পাকিস্তানের কাছে হারলে শেষ আটের সমীকরণ কী হবে?,2026-02-13 18:45:00,2026-02-14 00:12:57,D:\IUT SEMESTER 7\CLIR\CLIR-News-Retrieval-System\data\raw\bangla\dhaka_post\430903_25319083.json
430912_052862ab.json,bangla,dhaka_post,https://www.dhakapost.com/sports/430912,"রাজা বললেন ‘অবিশ্বাস্য’, চাপের কাছে নতি স্বীকার হেডের",2026-02-13 19:39:00,2026-02-14 00:12:19,D:\IUT SEMESTER 7\CLIR\CLIR-News-Retrieval-System\data\raw\bangla\dhaka_post\430912_052862ab.json
430914_27592489.json,bangla,dhaka_post,https://www.dhakapost.com/national/430914,নির্বা‌চিত সরকা‌রের স‌ঙ্গে অংশীদারত্ব শক্তিশালী করতে প্রস্তুত চীন,2026-02-13 19:48:00,2026-02-14 00:13:55,D:\IUT SEMESTER 7\CLIR\CLIR-News-Retrieval-System\data\raw\bangla\dhaka_post\430914_27592489.json
430916_4d60b9bc.json,bangla,dhaka_post,https://www.dhakapost.com/sports/430916,"হাইভোল্টেজ ম্যাচে ভারত নাকি পাকিস্তান এগিয়ে, যা বললেন এই স্পিনার",2026-02-13 19:50:00,2026-02-14 00:12:49,D:\IUT SEMESTER 7\CLIR\CLIR-News-Retrieval-System\data\raw\bangla\dhaka_post\430916_4d60b9bc.json
430930_8c675454.json,bangla,dhaka_post,https://www.dhakapost.com/sports/430930,পাকিস্তানের ‘তুরুপের তাস’কে ফাঁদে ফেলার কৌশল বললেন অশ্বিন,2026-02-13 20:12:00,2026-02-14 00:11:56,D:\IUT SEMESTER 7\CLIR\CLIR-News-Retrieval-System\data\raw\bangla\dhaka_post\430930_8c675454.json
430931_5d0a83f7.json,bangla,dhaka_post,https://www.dhakapost.com/national/430931,"সপ্তাহ জুড়ে বাড়বে গরম, আবহাওয়া থাকবে শুষ্ক",2026-02-13 20:16:00,2026-02-14 00:14:02,D:\IUT SEMESTER 7\CLIR\CLIR-News-Retrieval-System\data\raw\bangla\dhaka_post\430931_5d0a83f7.json
430932_fe001f94.json,bangla,dhaka_post,https://www.dhakapost.com/sports/430932,বিশ্বকাপে রেকর্ড গড়া জিম্বাবুয়ে পেসারের চোখ সুপার এইটে,2026-02-13 20:29:00,2026-02-14 00:11:00,D:\IUT SEMESTER 7\CLIR\CLIR-News-Retrieval-System\data\raw\bangla\dhaka_post\430932_fe001f94.json
430933_899be42e.json,bangla,dhaka_post,https://www.dhakapost.com/country/430933,"বিজয় মিছিল নয়, দোয়ার আয়োজন করলেন বিএনপি প্রার্থী",2026-02-13 20:39:00,2026-02-14 00:14:56,D:\IUT SEMESTER 7\CLIR\CLIR-News-Retrieval-System\data\raw\bangla\dhaka_post\430933_899be42e.json
430936_180a31a4.json,bangla,dhaka_post,https://www.dhakapost.com/sports/430936,"জিম্বাবুয়ের কাছে হার, যেভাবে সুপার এইটে উঠবে অস্ট্রেলিয়া",2026-02-13 20:54:00,2026-02-14 00:12:15,D:\IUT SEMESTER 7\CLIR\CLIR-News-Retrieval-System\data\raw\bangla\dhaka_post\430936_180a31a4.json
430937_983e3f61.json,bangla,dhaka_post,https://www.dhakapost.com/national/430937,নতুন সরকার গঠন কীভাবে হবে?,2026-02-13 21:04:00,2026-02-14 00:13:43,D:\IUT SEMESTER 7\CLIR\CLIR-News-Retrieval-System\data\raw\bangla\dhaka_post\430937_983e3f61.json
430940_79ec67fd.json,bangla,dhaka_post,https://www.dhakapost.com/sports/430940,ধোনির বায়োপিক থেকে অনুপ্রাণিত হন পাকিস্তানি স্পিনার,2026-02-13 21:28:00,2026-02-14 00:12:34,D:\IUT SEMESTER 7\CLIR\CLIR-News-Retrieval-System\data\raw\bangla\dhaka_post\430940_79ec67fd.json
430946_4a566e87.json,bangla,dhaka_post,https://www.dhakapost.com/country/430946,জয়ের পরদিনই আওয়ামী লীগ অফিসের তালা খুলে দিলেন বিএনপি নেতা,2026-02-13 22:11:00,2026-02-14 00:14:29,D:\IUT SEMESTER 7\CLIR\CLIR-News-Retrieval-System\data\raw\bangla\dhaka_post\430946_4a566e87.json
430947_9bf10b52.json,bangla,dhaka_post,https://www.dhakapost.com/sports/430947,"দুই ভাই, দুই ভিন্ন দেশ— বিশ্বকাপের ইতিহাস এবারই প্রথম",2026-02-13 22:19:00,2026-02-14 00:10:40,D:\IUT SEMESTER 7\CLIR\CLIR-News-Retrieval-System\data\raw\bangla\dhaka_post\430947_9bf10b52.json
430948_79155de2.json,bangla,dhaka_post,https://www.dhakapost.com/entertainment/430948,কাশ্মীরের ‘ভয়ংকর সুন্দর’ প্রকৃতিতে রহস্য খুঁজবেন কাকাবাবু,2026-02-13 22:24:00,2026-02-14 00:10:22,D:\IUT SEMESTER 7\CLIR\CLIR-News-Retrieval-System\data\raw\bangla\dhaka_post\430948_79155de2.json
430949_d1621f51.json,bangla,dhaka_post,https://www.dhakapost.com/country/430949,দ্বীপ হাতিয়ার মানুষ আনন্দের বদলে ভীত-সন্ত্রস্ত : হান্নান মাসউদ,2026-02-13 22:27:00,2026-02-14 00:10:25,D:\IUT SEMESTER 7\CLIR\CLIR-News-Retrieval-System\data\raw\bangla\dhaka_post\430949_d1621f51.json
430950_8c0571be.json,bangla,dhaka_post,https://www.dhakapost.com/national/430950,নতুন সরকারের সঙ্গে কাজ করার জন্য উন্মুখ যুক্তরাষ্ট্র : মার্কো রুবিও,2026-02-13 22:27:00,2026-02-14 00:10:29,D:\IUT SEMESTER 7\CLIR\CLIR-News-Retrieval-System\data\raw\bangla\dhaka_post\430950_8c0571be.json
430951_732e3110.json,bangla,dhaka_post,https://www.dhakapost.com/country/430951,দেশ গড়তে ঐক্যবদ্ধভাবে রাজনীতি করব : এ্যানি,2026-02-13 22:38:00,2026-02-14 00:10:02,D:\IUT SEMESTER 7\CLIR\CLIR-News-Retrieval-System\data\raw\bangla\dhaka_post\430951_732e3110.json
430952_45f3fc53.json,bangla,dhaka_post,https://www.dhakapost.com/sports/430952,"জিম্বাবুয়ে অস্ট্রেলিয়াকে হারালেই শিরোপা জেতে ভারত, এবারো কি তাই?",2026-02-13 22:40:00,2026-02-14 00:10:44,D:\IUT SEMESTER 7\CLIR\CLIR-News-Retrieval-System\data\raw\bangla\dhaka_post\430952_45f3fc53.json
430953_b6498329.json,bangla,dhaka_post,https://www.dhakapost.com/sports/430953,লিগের সেরা খেলোয়াড় শামসুন্নাহার,2026-02-13 22:46:00,2026-02-14 00:10:10,D:\IUT SEMESTER 7\CLIR\CLIR-News-Retrieval-System\data\raw\bangla\dhaka_post\430953_b6498329.json
430954_b2261d3b.json,bangla,dhaka_post,https://www.dhakapost.com/country/430954,গাইবান্ধায় দুর্বৃত্তদের কুড়ালের কোপে জজকোর্টের মুহুরির মৃত্যু,2026-02-13 22:46:00,2026-02-14 00:10:18,D:\IUT SEMESTER 7\CLIR\CLIR-News-Retrieval-System\data\raw\bangla\dhaka_post\430954_b2261d3b.json
430955_b9c5b681.json,bangla,dhaka_post,https://www.dhakapost.com/international/430955,বাংলাদেশের সঙ্গে যেভাবে সম্পর্ক পুনর্গঠনের পরিকল্পনা করছে ভারত,2026-02-13 22:52:00,2026-02-14 00:10:06,D:\IUT SEMESTER 7\CLIR\CLIR-News-Retrieval-System\data\raw\bangla\dhaka_post\430955_b9c5b681.json
430956_df8696e7.json,bangla,dhaka_post,https://www.dhakapost.com/country/430956,জামানত হারিয়েছেন প্রধান উপদেষ্টার কাছে আর্থিক সাহায্য চাওয়া সেই প্রার্থী,2026-02-13 22:54:00,2026-02-14 00:10:33,D:\IUT SEMESTER 7\CLIR\CLIR-News-Retrieval-System\data\raw\bangla\dhaka_post\430956_df8696e7.json
430957_76ba3c41.json,bangla,dhaka_post,https://www.dhakapost.com/sports/430957,নেদারল্যান্ডসকে হারিয়ে যুক্তরাষ্ট্রের ইতিহাস,2026-02-13 22:59:00,2026-02-14 00:10:37,D:\IUT SEMESTER 7\CLIR\CLIR-News-Retrieval-System\data\raw\bangla\dhaka_post\430957_76ba3c41.json
430958_c14093bf.json,bangla,dhaka_post,https://www.dhakapost.com/politics/430958,অন্যায়ের প্রতিকার না পেলে বাধ্য হবো আমাদের পথ ধরতে,2026-02-13 23:38:00,2026-02-14 00:10:14,D:\IUT SEMESTER 7\CLIR\CLIR-News-Retrieval-System\data\raw\bangla\dhaka_post\430958_c14093bf.json
7efc5aa83b1d0ad0.json,bangla,dhaka_post,https://www.dhakapost.com/sports/430880?utm_source=internal&utm_medium=related_content&utm_campaign=interlinking,বিশ্বকাপে অস্ট্রেলিয়ার বিপক্ষে জিম্বাবুয়ের শতভাগ সাফল্যের রহস্য কী?,2026-02-13 17:07:00,2026-02-14 00:11:32,D:\IUT SEMESTER 7\CLIR\CLIR-News-Retrieval-System\data\raw\bangla\dhaka_post\7efc5aa83b1d0ad0.json
82f429e2158aafe5.json,bangla,dhaka_post,https://www.dhakapost.com/politics/430864?utm_source=internal&utm_medium=related_content&utm_campaign=interlinking,তারেক রহমানকে অভিনন্দন জানা‌লেন মালদ্বীপের প্রেসিডেন্ট,2026-02-13 16:07:00,2026-02-14 00:14:37,D:\IUT SEMESTER 7\CLIR\CLIR-News-Retrieval-System\data\raw\bangla\dhaka_post\82f429e2158aafe5.json
9e46ebaf931371cb.json,bangla,dhaka_post,https://www.dhakapost.com/politics/430813?utm_source=internal&utm_medium=related_content&utm_campaign=interlinking,আগামী ৫ বছরের দায়িত্ব বিএনপিকে দিয়েছে জনগণ,2026-02-13 11:42:00,2026-02-14 00:15:03,D:\IUT SEMESTER 7\CLIR\CLIR-News-Retrieval-System\data\raw\bangla\dhaka_post\9e46ebaf931371cb.json
bf42fc86c48ddf52.json,bangla,dhaka_post,https://www.dhakapost.com/politics/430793?utm_source=internal&utm_medium=related_content&utm_campaign=interlinking,তারেক রহমানকে উষ্ণ অভিনন্দন জানা‌লেন নরেন্দ্র মোদি,2026-02-13 10:00:00,2026-02-14 00:14:59,D:\IUT SEMESTER 7\CLIR\CLIR-News-Retrieval-System\data\raw\bangla\dhaka_post\bf42fc86c48ddf52.json
e0940ac6f8e268c9.json,bangla,dhaka_post,https://www.dhakapost.com/politics/430814?utm_source=internal&utm_medium=related_content&utm_campaign=interlinking,ঢাকা-১৭ আসনের ভোটারদের প্রতি কৃতজ্ঞতা জানালেন ডা. খালিদুজ্জামান,2026-02-13 11:49:00,2026-02-14 00:14:52,D:\IUT SEMESTER 7\CLIR\CLIR-News-Retrieval-System\data\raw\bangla\dhaka_post\e0940ac6f8e268c9.json
faacbec28036a8a8.json,bangla,dhaka_post,https://www.dhakapost.com/politics/430862?utm_source=internal&utm_medium=related_content&utm_campaign=interlinking,ট্রাক প্রতীকে মেঘনা আলম পেলেন ৬০৮ ভোট,2026-02-13 15:48:00,2026-02-14 00:14:25,D:\IUT SEMESTER 7\CLIR\CLIR-News-Retrieval-System\data\raw\bangla\dhaka_post\faacbec28036a8a8.json
768302_b507cdc1.json,bangla,ittefaq,https://www.ittefaq.com.bd/768302/%E0%A6%97%E0%A7%81%E0%A6%97%E0%A6%B2%E0%A7%87-%E0%A6%95%E0%A7%80-%E0%A6%96%E0%A7%81%E0%A6%81%E0%A6%9C%E0%A7%87%E0%A6%9B%E0%A7%87-%E0%A6%AC%E0%A6%BE%E0%A6%82%E0%A6%B2%E0%A6%BE%E0%A6%A6%E0%A7%87%E0%A6%B6,গুগলে সবচেয়ে বেশি কী কী সার্চ করা হলো,"প্রকাশ : ৩১ ডিসেম্বর ২০২৫, ১২:০৭",2026-02-14 00:03:30,D:\IUT SEMESTER 7\CLIR\CLIR-News-Retrieval-System\data\raw\bangla\ittefaq\768302_b507cdc1.json
768410_945366a0.json,bangla,ittefaq,https://www.ittefaq.com.bd/768410/%E0%A6%95%E0%A6%B0%E0%A7%8D%E0%A6%AE%E0%A6%98%E0%A6%A3%E0%A7%8D%E0%A6%9F%E0%A6%BE%E0%A7%9F-%E0%A6%AB%E0%A7%87%E0%A6%B8%E0%A6%AC%E0%A7%81%E0%A6%95-%E0%A6%AC%E0%A7%8D%E0%A6%AF%E0%A6%AC%E0%A6%B9%E0%A6%BE%E0%A6%B0-%E0%A6%A8%E0%A7%9F-%E0%A6%AA%E0%A7%8D%E0%A6%B0%E0%A6%AE%E0%A6%BE%E0%A6%A3-%E0%A6%AA%E0%A7%87%E0%A6%B2%E0%A7%87-%E0%A6%B8%E0%A7%87%E0%A6%A6%E0%A6%BF%E0%A6%A8%E0%A6%87,"কর্মঘণ্টায় ফেসবুক ব্যবহার নয়, প্রমাণ পেলে সেদিনই বিচারিক জীবনের শেষ দিন","প্রকাশ : ০১ জানুয়ারি ২০২৬, ০৬:০০",2026-02-14 00:03:58,D:\IUT SEMESTER 7\CLIR\CLIR-News-Retrieval-System\data\raw\bangla\ittefaq\768410_945366a0.json
768538_b027057d.json,bangla,ittefaq,https://www.ittefaq.com.bd/768538/%E0%A6%B8%E0%A7%87%E0%A6%A8%E0%A6%BE%E0%A6%AC%E0%A6%BE%E0%A6%B9%E0%A6%BF%E0%A6%A8%E0%A7%80%E0%A6%B0-%E0%A6%85%E0%A6%AD%E0%A6%BF%E0%A6%AF%E0%A6%BE%E0%A6%A8%E0%A7%87-%E0%A6%89%E0%A6%A6%E0%A7%8D%E0%A6%A7%E0%A6%BE%E0%A6%B0-%E0%A6%B9%E0%A6%B2%E0%A7%8B-%E0%A6%AA%E0%A6%BF%E0%A6%B8%E0%A7%8D%E0%A6%A4%E0%A6%B2-%E0%A6%8F%E0%A6%9C%E0%A6%BE%E0%A6%B9%E0%A6%BE%E0%A6%B0%E0%A7%87-%E0%A6%B9%E0%A7%9F%E0%A7%87,"সেনাবাহিনীর অভিযানে উদ্ধার হলো পিস্তল, এজাহারে হয়ে গেল ‘পিস্তলসদৃশ বস্তু’","প্রকাশ : ০২ জানুয়ারি ২০২৬, ০৩:০০",2026-02-14 00:03:53,D:\IUT SEMESTER 7\CLIR\CLIR-News-Retrieval-System\data\raw\bangla\ittefaq\768538_b027057d.json
768542_e55f19c1.json,bangla,ittefaq,https://www.ittefaq.com.bd/768542/%E0%A6%AC%E0%A6%9B%E0%A6%B0%E0%A7%87%E0%A6%B0-%E0%A6%AA%E0%A7%8D%E0%A6%B0%E0%A6%A5%E0%A6%AE-%E0%A6%A6%E0%A6%BF%E0%A6%A8%E0%A7%87-%E0%A6%AA%E0%A7%8D%E0%A6%B0%E0%A6%BE%E0%A6%A5%E0%A6%AE%E0%A6%BF%E0%A6%95%E0%A7%87%E0%A6%B0-%E0%A6%AC%E0%A6%87-%E0%A6%AA%E0%A7%87%E0%A6%B2%E0%A7%8B-%E0%A6%B6%E0%A6%A4%E0%A6%AD%E0%A6%BE%E0%A6%97,বছরের প্রথম দিনে প্রাথমিকের বই পেলো শতভাগ শিক্ষার্থী,"প্রকাশ : ০২ জানুয়ারি ২০২৬, ০৮:০০",2026-02-14 00:03:44,D:\IUT SEMESTER 7\CLIR\CLIR-News-Retrieval-System\data\raw\bangla\ittefaq\768542_e55f19c1.json
768546_87a0eab0.json,bangla,ittefaq,https://www.ittefaq.com.bd/768546/%E0%A6%AC%E0%A6%9B%E0%A6%B0-%E0%A6%9C%E0%A7%81%E0%A7%9C%E0%A7%87-%E0%A6%A1%E0%A7%87%E0%A6%99%E0%A7%8D%E0%A6%97%E0%A7%81%E0%A6%B0-%E0%A6%AA%E0%A7%8D%E0%A6%B0%E0%A6%95%E0%A7%8B%E0%A6%AA-%E0%A6%B6%E0%A6%A4%E0%A6%95%E0%A7%8B%E0%A6%9F%E0%A6%BF-%E0%A6%9F%E0%A6%BE%E0%A6%95%E0%A6%BE-%E0%A6%AC%E0%A7%8D%E0%A6%AF%E0%A7%9F%E0%A7%87%E0%A6%93-%E0%A6%95%E0%A6%AE%E0%A7%87%E0%A6%A8%E0%A6%BF,"বছর জুড়ে ডেঙ্গুর প্রকোপ, শতকোটি টাকা ব্যয়েও কমেনি মশা","প্রকাশ : ০২ জানুয়ারি ২০২৬, ০১:৩৭",2026-02-14 00:04:44,D:\IUT SEMESTER 7\CLIR\CLIR-News-Retrieval-System\data\raw\bangla\ittefaq\768546_87a0eab0.json
768659_1240114c.json,bangla,ittefaq,https://www.ittefaq.com.bd/768659/%E0%A6%AA%E0%A7%8D%E0%A6%B0%E0%A6%A4%E0%A6%BF-%E0%A6%AC%E0%A6%9B%E0%A6%B0-%E0%A6%AC%E0%A6%BF%E0%A6%B2%E0%A6%AE%E0%A7%8D%E0%A6%AC%E0%A7%87-%E0%A6%AA%E0%A6%BE%E0%A6%A0%E0%A7%8D%E0%A6%AF%E0%A6%AC%E0%A6%87-%E0%A6%9B%E0%A6%BE%E0%A6%AA%E0%A6%BE%E0%A6%B0-%E0%A6%A8%E0%A7%87%E0%A6%AA%E0%A6%A5%E0%A7%8D%E0%A6%AF%E0%A7%87-%E0%A7%AB-%E0%A6%B9%E0%A6%BE%E0%A6%9C%E0%A6%BE%E0%A6%B0,প্রতি বছর বিলম্বে পাঠ্যবই ছাপার নেপথ্যে ৫ হাজার কোটি টাকার গাইড বাণিজ্য,"প্রকাশ : ০৩ জানুয়ারি ২০২৬, ০৬:০০",2026-02-14 00:04:25,D:\IUT SEMESTER 7\CLIR\CLIR-News-Retrieval-System\data\raw\bangla\ittefaq\768659_1240114c.json
768661_5c3c351e.json,bangla,ittefaq,https://www.ittefaq.com.bd/768661/%E0%A6%B2%E0%A7%87%E0%A6%A8%E0%A6%A6%E0%A7%87%E0%A6%A8-%E0%A6%B6%E0%A7%81%E0%A6%B0%E0%A7%81-%E0%A6%B9%E0%A6%B2%E0%A7%87%E0%A6%93-%E0%A6%B8%E0%A6%AC-%E0%A6%B6%E0%A6%BE%E0%A6%96%E0%A6%BE%E0%A7%9F-%E0%A6%9F%E0%A6%BE%E0%A6%95%E0%A6%BE-%E0%A6%A4%E0%A7%81%E0%A6%B2%E0%A6%A4%E0%A7%87-%E0%A6%AA%E0%A6%BE%E0%A6%B0%E0%A7%87%E0%A6%A8%E0%A6%A8%E0%A6%BF,লেনদেন শুরু হলেও সব শাখায় টাকা তুলতে পারেননি গ্রাহকরা,"প্রকাশ : ০৩ জানুয়ারি ২০২৬, ০৮:০০",2026-02-14 00:04:30,D:\IUT SEMESTER 7\CLIR\CLIR-News-Retrieval-System\data\raw\bangla\ittefaq\768661_5c3c351e.json
768814_76d5ab44.json,bangla,ittefaq,https://www.ittefaq.com.bd/768814/%E0%A6%98%E0%A6%A8-%E0%A6%95%E0%A7%81%E0%A7%9F%E0%A6%BE%E0%A6%B6%E0%A6%BE%E0%A7%9F-%E0%A6%B8%E0%A7%9C%E0%A6%95-%E0%A6%93-%E0%A6%A8%E0%A7%8C%E0%A6%AA%E0%A6%A5%E0%A7%87-%E0%A6%AC%E0%A6%BE%E0%A7%9C%E0%A6%9B%E0%A7%87-%E0%A6%A6%E0%A7%81%E0%A6%B0%E0%A7%8D%E0%A6%98%E0%A6%9F%E0%A6%A8%E0%A6%BE,ঘন কুয়াশায় সড়ক ও নৌপথে বাড়ছে দুর্ঘটনা,"প্রকাশ : ০৪ জানুয়ারি ২০২৬, ০৮:০০",2026-02-14 00:04:35,D:\IUT SEMESTER 7\CLIR\CLIR-News-Retrieval-System\data\raw\bangla\ittefaq\768814_76d5ab44.json
768815_bab1dc8a.json,bangla,ittefaq,https://www.ittefaq.com.bd/768815/%E0%A6%AE%E0%A6%BE%E0%A6%B2%E0%A7%9F%E0%A7%87%E0%A6%B6%E0%A6%BF%E0%A7%9F%E0%A6%BE%E0%A6%B0-%E0%A6%B6%E0%A7%8D%E0%A6%B0%E0%A6%AE%E0%A6%AC%E0%A6%BE%E0%A6%9C%E0%A6%BE%E0%A6%B0-%E0%A6%96%E0%A7%8B%E0%A6%B2%E0%A7%87%E0%A6%A8%E0%A6%BF-%E0%A6%B8%E0%A6%B0%E0%A6%95%E0%A6%BE%E0%A6%B0%E0%A7%87%E0%A6%B0-%E0%A6%A6%E0%A7%8D%E0%A6%AC%E0%A6%BF%E0%A6%AA%E0%A6%BE%E0%A6%95%E0%A7%8D%E0%A6%B7%E0%A6%BF%E0%A6%95,মালয়েশিয়ার শ্রমবাজার খোলেনি সরকারের দ্বিপাক্ষিক সফরেও,"প্রকাশ : ০৪ জানুয়ারি ২০২৬, ০৬:০০",2026-02-14 00:04:02,D:\IUT SEMESTER 7\CLIR\CLIR-News-Retrieval-System\data\raw\bangla\ittefaq\768815_bab1dc8a.json
768945_d8b23a41.json,bangla,ittefaq,https://www.ittefaq.com.bd/768945/%E0%A6%A4%E0%A7%80%E0%A6%AC%E0%A7%8D%E0%A6%B0-%E0%A6%A0%E0%A6%BE%E0%A6%A8%E0%A7%8D%E0%A6%A1%E0%A6%BE%E0%A7%9F-%E0%A6%B9%E0%A6%BE%E0%A6%B8%E0%A6%AA%E0%A6%BE%E0%A6%A4%E0%A6%BE%E0%A6%B2%E0%A7%87-%E0%A6%AC%E0%A6%BE%E0%A7%9C%E0%A6%9B%E0%A7%87-%E0%A6%B6%E0%A6%BF%E0%A6%B6%E0%A7%81-%E0%A6%B0%E0%A7%8B%E0%A6%97%E0%A7%80,তীব্র ঠান্ডায় হাসপাতালে বাড়ছে শিশু রোগী,"প্রকাশ : ০৫ জানুয়ারি ২০২৬, ০৫:০০",2026-02-14 00:04:15,D:\IUT SEMESTER 7\CLIR\CLIR-News-Retrieval-System\data\raw\bangla\ittefaq\768945_d8b23a41.json
770764_8e66234a.json,bangla,ittefaq,https://www.ittefaq.com.bd/770764/%E0%A7%A9%E0%A7%AF-%E0%A6%B9%E0%A6%BE%E0%A6%9C%E0%A6%BE%E0%A6%B0-%E0%A6%B6%E0%A6%BF%E0%A6%95%E0%A7%8D%E0%A6%B7%E0%A6%BE%E0%A6%AA%E0%A7%8D%E0%A6%B0%E0%A6%A4%E0%A6%BF%E0%A6%B7%E0%A7%8D%E0%A6%A0%E0%A6%BE%E0%A6%A8%E0%A7%87%E0%A6%B0-%E0%A6%A6%E0%A7%81%E0%A6%B0%E0%A7%8D%E0%A6%A8%E0%A7%80%E0%A6%A4%E0%A6%BF-%E0%A6%A7%E0%A6%B0%E0%A6%BE%E0%A6%B0-%E0%A6%95%E0%A6%BE%E0%A6%9C%E0%A7%87,৩৯ হাজার শিক্ষাপ্রতিষ্ঠানের দুর্নীতি ধরার কাজে স্থবিরতা,"প্রকাশ : ১৮ জানুয়ারি ২০২৬, ০৮:০০",2026-02-14 00:04:10,D:\IUT SEMESTER 7\CLIR\CLIR-News-Retrieval-System\data\raw\bangla\ittefaq\770764_8e66234a.json
770897_f787a581.json,bangla,ittefaq,https://www.ittefaq.com.bd/770897/%E0%A6%B8%E0%A6%82%E0%A6%98%E0%A6%AC%E0%A6%A6%E0%A7%8D%E0%A6%A7-%E0%A6%85%E0%A6%AA%E0%A6%B0%E0%A6%BE%E0%A6%A7-%E0%A6%9A%E0%A6%95%E0%A7%8D%E0%A6%B0%E0%A7%87-%E0%A6%9C%E0%A7%9C%E0%A6%BE%E0%A6%9A%E0%A7%8D%E0%A6%9B%E0%A7%87-%E0%A6%95%E0%A6%BF%E0%A6%9B%E0%A7%81-%E0%A6%97%E0%A7%83%E0%A6%B9%E0%A6%95%E0%A6%B0%E0%A7%8D%E0%A6%AE%E0%A7%80,সংঘবদ্ধ অপরাধ চক্রে জড়াচ্ছে কিছু গৃহকর্মী!,"প্রকাশ : ১৯ জানুয়ারি ২০২৬, ০৮:০০",2026-02-14 00:03:39,D:\IUT SEMESTER 7\CLIR\CLIR-News-Retrieval-System\data\raw\bangla\ittefaq\770897_f787a581.json
771197_e9a121ca.json,bangla,ittefaq,https://www.ittefaq.com.bd/771197/%E0%A6%85%E0%A6%B0%E0%A7%8D%E0%A6%A7%E0%A6%B6%E0%A6%A4-%E0%A6%86%E0%A6%B8%E0%A6%A8%E0%A7%87-%E0%A6%AA%E0%A7%8D%E0%A6%B0%E0%A6%A4%E0%A6%BF%E0%A6%A6%E0%A7%8D%E0%A6%AC%E0%A6%A8%E0%A7%8D%E0%A6%A6%E0%A7%8D%E0%A6%AC%E0%A6%BF%E0%A6%A4%E0%A6%BE%E0%A7%9F-%E0%A6%AC%E0%A6%BF%E0%A6%8F%E0%A6%A8%E0%A6%AA%E0%A6%BF%E0%A6%B0-%E2%80%98%E0%A6%AC%E0%A6%BF%E0%A6%A6%E0%A7%8D%E0%A6%B0%E0%A7%8B%E0%A6%B9%E0%A7%80,অর্ধশত আসনে প্রতিদ্বন্দ্বিতায় বিএনপির ‘বিদ্রোহী প্রার্থীরা’,"প্রকাশ : ২১ জানুয়ারি ২০২৬, ০৭:০০",2026-02-14 00:03:20,D:\IUT SEMESTER 7\CLIR\CLIR-News-Retrieval-System\data\raw\bangla\ittefaq\771197_e9a121ca.json
771322_cb7a943f.json,bangla,ittefaq,https://www.ittefaq.com.bd/771322/%E0%A6%AE%E0%A7%8B%E0%A6%AC%E0%A6%BE%E0%A6%87%E0%A6%B2-%E0%A6%AC%E0%A7%8D%E0%A6%AF%E0%A6%BE%E0%A6%82%E0%A6%95%E0%A6%BF%E0%A6%82%E0%A7%9F%E0%A7%87-%E0%A6%AD%E0%A7%8B%E0%A6%9F-%E0%A6%95%E0%A7%87%E0%A6%A8%E0%A6%BE%E0%A6%AC%E0%A7%87%E0%A6%9A%E0%A6%BE,মোবাইল ব্যাংকিংয়ে ভোট কেনাবেচা,"প্রকাশ : ২২ জানুয়ারি ২০২৬, ০২:০০",2026-02-14 00:04:06,D:\IUT SEMESTER 7\CLIR\CLIR-News-Retrieval-System\data\raw\bangla\ittefaq\771322_cb7a943f.json
771323_8b4f29c9.json,bangla,ittefaq,https://www.ittefaq.com.bd/771323/%E0%A6%A8%E0%A6%BF%E0%A6%B0%E0%A7%8D%E0%A6%AC%E0%A6%BE%E0%A6%9A%E0%A6%A8%E0%A6%BF-%E0%A6%AA%E0%A7%8D%E0%A6%B0%E0%A6%9A%E0%A6%BE%E0%A6%B0%E0%A6%A3%E0%A6%BE%E0%A7%9F-%E0%A6%A6%E0%A7%87%E0%A6%B6,নির্বাচনি প্রচারণায় দেশ,"প্রকাশ : ২২ জানুয়ারি ২০২৬, ০৮:০০",2026-02-14 00:03:34,D:\IUT SEMESTER 7\CLIR\CLIR-News-Retrieval-System\data\raw\bangla\ittefaq\771323_8b4f29c9.json
771324_9c8819b2.json,bangla,ittefaq,https://www.ittefaq.com.bd/771324/%E0%A6%B0%E0%A7%8B%E0%A6%9C%E0%A6%BE%E0%A6%B0-%E0%A6%8F%E0%A6%95-%E0%A6%AE%E0%A6%BE%E0%A6%B8-%E0%A6%86%E0%A6%97%E0%A7%87%E0%A6%87-%E0%A6%AC%E0%A6%BE%E0%A6%9C%E0%A6%BE%E0%A6%B0-%E0%A6%9A%E0%A7%9C%E0%A6%BE,রোজার এক মাস আগেই বাজার চড়া!,"প্রকাশ : ২২ জানুয়ারি ২০২৬, ০৬:০০",2026-02-14 00:04:40,D:\IUT SEMESTER 7\CLIR\CLIR-News-Retrieval-System\data\raw\bangla\ittefaq\771324_9c8819b2.json
771801_5693e381.json,bangla,ittefaq,https://www.ittefaq.com.bd/771801/%E0%A6%B9%E0%A6%BE%E0%A6%9C%E0%A6%BE%E0%A6%B0%E0%A7%8B-%E0%A6%AE%E0%A6%BE%E0%A6%A8%E0%A7%81%E0%A6%B7%E0%A7%87%E0%A6%B0-%E0%A6%9C%E0%A7%80%E0%A6%AC%E0%A6%A8%E2%80%93%E0%A6%9C%E0%A7%80%E0%A6%AC%E0%A6%BF%E0%A6%95%E0%A6%BE%E0%A6%B0-%E0%A6%AE%E0%A6%BE%E0%A7%9F%E0%A6%BE%E0%A6%AC%E0%A7%80-%E0%A6%A8%E0%A6%A6%E0%A7%80-%E2%80%98%E0%A6%B8%E0%A6%A8%E0%A7%8D%E0%A6%A7%E0%A7%8D%E0%A6%AF%E0%A6%BE%E2%80%99,হাজারো মানুষের জীবন–জীবিকার মায়াবী নদী ‘সন্ধ্যা’,"প্রকাশ : ২৫ জানুয়ারি ২০২৬, ১৪:৩৮",2026-02-14 00:03:25,D:\IUT SEMESTER 7\CLIR\CLIR-News-Retrieval-System\data\raw\bangla\ittefaq\771801_5693e381.json
771873_b51060ac.json,bangla,ittefaq,https://www.ittefaq.com.bd/771873/%E0%A6%9C%E0%A6%A8%E0%A7%8D%E0%A6%AE%E0%A6%97%E0%A6%A4-%E0%A6%A4%E0%A7%8D%E0%A6%B0%E0%A7%81%E0%A6%9F%E0%A6%BF-%E0%A6%A8%E0%A6%BF%E0%A7%9F%E0%A7%87-%E0%A6%B6%E0%A6%BF%E0%A6%B6%E0%A7%81-%E0%A6%9C%E0%A6%A8%E0%A7%8D%E0%A6%AE%E0%A6%B9%E0%A6%BE%E0%A6%B0-%E0%A6%AC%E0%A7%8D%E0%A6%AF%E0%A6%BE%E0%A6%AA%E0%A6%95-%E0%A6%AC%E0%A6%BE%E0%A7%9C%E0%A6%9B%E0%A7%87,জন্মগত ত্রুটি নিয়ে শিশু জন্মহার ব্যাপক বাড়ছে,"প্রকাশ : ২৬ জানুয়ারি ২০২৬, ০৮:০০",2026-02-14 00:03:48,D:\IUT SEMESTER 7\CLIR\CLIR-News-Retrieval-System\data\raw\bangla\ittefaq\771873_b51060ac.json
772287_8b214b39.json,bangla,ittefaq,https://www.ittefaq.com.bd/772287/%E0%A7%A7%E0%A7%AD-%E0%A6%B8%E0%A6%82%E0%A6%B8%E0%A7%8D%E0%A6%A5%E0%A6%BE-%E0%A6%A5%E0%A7%87%E0%A6%95%E0%A7%87-%E0%A7%AC%E0%A7%AA-%E0%A6%B6%E0%A6%A4%E0%A6%BE%E0%A6%82%E0%A6%B6-%E0%A6%AA%E0%A6%B0%E0%A7%8D%E0%A6%AF%E0%A6%AC%E0%A7%87%E0%A6%95%E0%A7%8D%E0%A6%B7%E0%A6%95-%E0%A6%A8%E0%A6%BF%E0%A7%9F%E0%A7%8B%E0%A6%97,১৭ সংস্থা থেকে ৬৪ শতাংশ পর্যবেক্ষক নিয়োগ!,"প্রকাশ : ২৯ জানুয়ারি ২০২৬, ০৬:০০",2026-02-14 00:04:20,D:\IUT SEMESTER 7\CLIR\CLIR-News-Retrieval-System\data\raw\bangla\ittefaq\772287_8b214b39.json
774480_252a11b0.json,bangla,ittefaq,https://www.ittefaq.com.bd/774480/%E0%A6%AD%E0%A7%8B%E0%A6%9F-%E0%A6%A6%E0%A6%BF%E0%A6%A4%E0%A7%87-%E0%A6%97%E0%A6%BF%E0%A7%9F%E0%A7%87-%E0%A6%A8%E0%A6%BE-%E0%A6%AB%E0%A7%87%E0%A6%B0%E0%A6%BE%E0%A6%B0-%E0%A6%A6%E0%A7%87%E0%A6%B6%E0%A7%87-%E0%A6%86%E0%A6%AC%E0%A7%81-%E0%A6%B8%E0%A6%BE%E0%A6%88%E0%A6%A6,ভোট দিতে গিয়ে না ফেরার দেশে আবু সাঈদ,"প্রকাশ : ১২ ফেব্রুয়ারি ২০২৬, ১৩:৩৭",2026-02-14 00:05:17,D:\IUT SEMESTER 7\CLIR\CLIR-News-Retrieval-System\data\raw\bangla\ittefaq\774480_252a11b0.json
774491_b2b92a5e.json,bangla,ittefaq,https://www.ittefaq.com.bd/774491/%E0%A6%AC%E0%A7%8D%E0%A6%AF%E0%A6%BE%E0%A6%B2%E0%A6%9F-%E0%A6%AD%E0%A7%81%E0%A6%B2-%E0%A6%AD%E0%A6%BE%E0%A6%81%E0%A6%9C%E0%A7%87-%E0%A6%AC%E0%A6%BE%E0%A6%A4%E0%A6%BF%E0%A6%B2%E0%A7%87%E0%A6%B0-%E0%A6%B6%E0%A6%99%E0%A7%8D%E0%A6%95%E0%A6%BE-%E0%A6%B8%E0%A6%9A%E0%A7%87%E0%A6%A4%E0%A6%A8%E0%A6%A4%E0%A6%BE%E0%A6%B0-%E0%A6%86%E0%A6%B9%E0%A7%8D%E0%A6%AC%E0%A6%BE%E0%A6%A8,"ব্যালট ভুল ভাঁজে বাতিলের শঙ্কা, সচেতনতার আহ্বান প্রার্থীদের","প্রকাশ : ১২ ফেব্রুয়ারি ২০২৬, ১৪:২৩",2026-02-14 00:05:27,D:\IUT SEMESTER 7\CLIR\CLIR-News-Retrieval-System\data\raw\bangla\ittefaq\774491_b2b92a5e.json
774517_1f888c7b.json,bangla,ittefaq,https://www.ittefaq.com.bd/774517/%E0%A6%86%E0%A6%87%E0%A6%A8%E0%A6%B6%E0%A7%83%E0%A6%99%E0%A7%8D%E0%A6%96%E0%A6%B2%E0%A6%BE-%E0%A6%B0%E0%A6%95%E0%A7%8D%E0%A6%B7%E0%A6%BE%E0%A7%9F-%E0%A6%95%E0%A7%87%E0%A6%A8%E0%A7%8D%E0%A6%A6%E0%A7%8D%E0%A6%B0%E0%A7%87-%E0%A6%95%E0%A7%87%E0%A6%A8%E0%A7%8D%E0%A6%A6%E0%A7%8D%E0%A6%B0%E0%A7%87-%E0%A6%AA%E0%A7%81%E0%A6%B2%E0%A6%BF%E0%A6%B6%E0%A7%87%E0%A6%B0,আইনশৃঙ্খলা রক্ষায় কেন্দ্রে কেন্দ্রে পুলিশের অশ্বারোহী টহল,"প্রকাশ : ১২ ফেব্রুয়ারি ২০২৬, ১৬:২৯",2026-02-14 00:05:47,D:\IUT SEMESTER 7\CLIR\CLIR-News-Retrieval-System\data\raw\bangla\ittefaq\774517_1f888c7b.json
774644_c89b1029.json,bangla,ittefaq,https://www.ittefaq.com.bd/774644/%E0%A6%85%E0%A6%A8%E0%A6%BF%E0%A7%9F%E0%A6%AE%E0%A7%87%E0%A6%B0-%E0%A6%85%E0%A6%AD%E0%A6%BF%E0%A6%AF%E0%A7%8B%E0%A6%97-%E0%A6%A8%E0%A6%BF%E0%A7%9F%E0%A7%87-%E0%A6%97%E0%A6%AD%E0%A7%80%E0%A6%B0-%E0%A6%B0%E0%A6%BE%E0%A6%A4%E0%A7%87-%E0%A6%87%E0%A6%B8%E0%A6%BF%E0%A6%A4%E0%A7%87-%E0%A6%AE%E0%A6%BE%E0%A6%AE%E0%A7%81%E0%A6%A8%E0%A7%81%E0%A6%B2-%E0%A6%B9%E0%A6%95,অনিয়মের অভিযোগ নিয়ে গভীর রাতে ইসিতে মামুনুল হক,"প্রকাশ : ১৩ ফেব্রুয়ারি ২০২৬, ০৪:৩০",2026-02-14 00:05:09,D:\IUT SEMESTER 7\CLIR\CLIR-News-Retrieval-System\data\raw\bangla\ittefaq\774644_c89b1029.json
774650_bd255801.json,bangla,ittefaq,https://www.ittefaq.com.bd/774650/%E0%A6%A2%E0%A6%BE%E0%A6%95%E0%A6%BE-%E0%A7%A7%E0%A7%AC-%E0%A6%86%E0%A6%B8%E0%A6%A8%E0%A7%87-%E0%A6%A6%E0%A6%BE%E0%A6%81%E0%A6%A1%E0%A6%BC%E0%A6%BF%E0%A6%AA%E0%A6%BE%E0%A6%B2%E0%A7%8D%E0%A6%B2%E0%A6%BE%E0%A6%B0-%E0%A6%AA%E0%A7%8D%E0%A6%B0%E0%A6%BE%E0%A6%B0%E0%A7%8D%E0%A6%A5%E0%A7%80%E0%A6%B0-%E0%A6%AC%E0%A6%BF%E0%A6%9C%E0%A7%9F,ঢাকা-১৬ আসনে দাঁড়িপাল্লার প্রার্থীর বিজয়,"প্রকাশ : ১৩ ফেব্রুয়ারি ২০২৬, ০৫:০৯",2026-02-14 00:05:22,D:\IUT SEMESTER 7\CLIR\CLIR-News-Retrieval-System\data\raw\bangla\ittefaq\774650_bd255801.json
774659_3dbd4f95.json,bangla,ittefaq,https://www.ittefaq.com.bd/774659/%E0%A6%A2%E0%A6%BE%E0%A6%95%E0%A6%BE-%E0%A7%AA-%E0%A6%86%E0%A6%B8%E0%A6%A8%E0%A7%87-%E0%A6%AC%E0%A6%BF%E0%A6%9C%E0%A7%9F%E0%A7%80-%E0%A6%9C%E0%A6%BE%E0%A6%AE%E0%A6%BE%E0%A7%9F%E0%A6%BE%E0%A6%A4%E0%A7%87%E0%A6%B0-%E0%A6%9C%E0%A7%9F%E0%A6%A8%E0%A7%81%E0%A6%B2-%E0%A6%86%E0%A6%AC%E0%A7%87%E0%A6%A6%E0%A7%80%E0%A6%A8,ঢাকা-৪ আসনে বিজয়ী জামায়াতের জয়নুল আবেদীন,"প্রকাশ : ১৩ ফেব্রুয়ারি ২০২৬, ০৬:৩৭",2026-02-14 00:05:52,D:\IUT SEMESTER 7\CLIR\CLIR-News-Retrieval-System\data\raw\bangla\ittefaq\774659_3dbd4f95.json
774664_ca6b082e.json,bangla,ittefaq,https://www.ittefaq.com.bd/774664/%E0%A6%A2%E0%A6%BE%E0%A6%95%E0%A6%BE-%E0%A7%AB-%E0%A6%86%E0%A6%B8%E0%A6%A8%E0%A7%87-%E0%A6%9C%E0%A6%BF%E0%A6%A4%E0%A6%B2%E0%A7%87%E0%A6%A8-%E0%A6%9C%E0%A6%BE%E0%A6%AE%E0%A6%BE%E0%A7%9F%E0%A6%BE%E0%A6%A4%E0%A7%87%E0%A6%B0-%E0%A6%AA%E0%A7%8D%E0%A6%B0%E0%A6%BE%E0%A6%B0%E0%A7%8D%E0%A6%A5%E0%A7%80-%E0%A6%95%E0%A6%BE%E0%A6%AE%E0%A6%BE%E0%A6%B2-%E0%A6%B9%E0%A7%8B%E0%A6%B8%E0%A7%87%E0%A6%A8,ঢাকা-৫ আসনে জিতলেন জামায়াতের প্রার্থী কামাল হোসেন,"প্রকাশ : ১৩ ফেব্রুয়ারি ২০২৬, ০৭:৪১",2026-02-14 00:04:59,D:\IUT SEMESTER 7\CLIR\CLIR-News-Retrieval-System\data\raw\bangla\ittefaq\774664_ca6b082e.json
774708_252b8f2d.json,bangla,ittefaq,https://www.ittefaq.com.bd/774708/%E0%A6%A8%E0%A6%BF%E0%A6%B0%E0%A7%8D%E0%A6%AC%E0%A6%BE%E0%A6%9A%E0%A6%A8%E0%A7%87%E0%A6%B0-%E0%A6%9B%E0%A7%81%E0%A6%9F%E0%A6%BF%E0%A6%B0-%E0%A6%AA%E0%A7%8D%E0%A6%B0%E0%A6%AD%E0%A6%BE%E0%A6%AC%E0%A7%87-%E0%A6%A2%E0%A6%BE%E0%A6%95%E0%A6%BE%E0%A6%B0-%E0%A6%AC%E0%A6%BE%E0%A6%9C%E0%A6%BE%E0%A6%B0%E0%A7%87-%E0%A6%85%E0%A6%B8%E0%A7%8D%E0%A6%A5%E0%A6%BF%E0%A6%B0%E0%A6%A4%E0%A6%BE,"নির্বাচনের ছুটির প্রভাবে ঢাকার বাজারে অস্থিরতা, বেড়েছে মুরগি-পেঁয়াজ-সবজির দাম","প্রকাশ : ১৩ ফেব্রুয়ারি ২০২৬, ১৩:৩৯",2026-02-14 00:05:05,D:\IUT SEMESTER 7\CLIR\CLIR-News-Retrieval-System\data\raw\bangla\ittefaq\774708_252b8f2d.json
774729_e93564ea.json,bangla,ittefaq,https://www.ittefaq.com.bd/774729/%E0%A6%A2%E0%A6%BE%E0%A6%95%E0%A6%BE-%E0%A7%A7%E0%A7%AC-%E0%A6%86%E0%A6%B8%E0%A6%A8%E0%A7%87-%E0%A6%AC%E0%A6%BF%E0%A6%8F%E0%A6%A8%E0%A6%AA%E0%A6%BF%E0%A6%B0-%E0%A6%86%E0%A6%AE%E0%A6%BF%E0%A6%A8%E0%A7%81%E0%A6%B2-%E0%A6%87%E0%A6%B8%E0%A6%B2%E0%A6%BE%E0%A6%AE%E0%A6%95%E0%A7%87-%E0%A6%B9%E0%A6%BE%E0%A6%B0%E0%A6%BF%E0%A7%9F%E0%A7%87,ঢাকা-১৬ আসনে বিএনপির আমিনুল ইসলামকে হারিয়ে দাঁড়িপাল্লার জয়,"প্রকাশ : ১৩ ফেব্রুয়ারি ২০২৬, ১৫:৩৫",2026-02-14 00:05:31,D:\IUT SEMESTER 7\CLIR\CLIR-News-Retrieval-System\data\raw\bangla\ittefaq\774729_e93564ea.json
774787_d558a172.json,bangla,ittefaq,https://www.ittefaq.com.bd/774787/%E0%A6%9C%E0%A7%8B%E0%A6%9F-%E0%A6%B6%E0%A6%B0%E0%A6%BF%E0%A6%95%E0%A6%A6%E0%A7%87%E0%A6%B0-%E0%A6%A8%E0%A6%BF%E0%A7%9F%E0%A7%87-%E0%A6%9C%E0%A6%BE%E0%A6%A4%E0%A7%80%E0%A7%9F-%E0%A6%B8%E0%A6%B0%E0%A6%95%E0%A6%BE%E0%A6%B0-%E0%A6%97%E0%A6%A0%E0%A6%A8-%E0%A6%95%E0%A6%B0%E0%A6%AC%E0%A7%87-%E0%A6%AC%E0%A6%BF%E0%A6%8F%E0%A6%A8%E0%A6%AA%E0%A6%BF,জোট শরিকদের নিয়ে জাতীয় সরকার গঠন করবে বিএনপি,"প্রকাশ : ১৩ ফেব্রুয়ারি ২০২৬, ২১:৩৫",2026-02-14 00:02:38,D:\IUT SEMESTER 7\CLIR\CLIR-News-Retrieval-System\data\raw\bangla\ittefaq\774787_d558a172.json
774791_5fd08097.json,bangla,ittefaq,https://www.ittefaq.com.bd/774791/%E0%A6%8F%E0%A6%AC%E0%A6%BE%E0%A6%B0%E0%A7%87%E0%A6%B0-%E0%A6%A8%E0%A6%BF%E0%A6%B0%E0%A7%8D%E0%A6%AC%E0%A6%BE%E0%A6%9A%E0%A6%A8%E0%A7%87-%E0%A7%AA%E0%A7%A8-%E0%A6%A6%E0%A6%B2%E0%A7%87%E0%A6%B0-%E0%A6%95%E0%A7%87%E0%A6%89-%E0%A6%9C%E0%A7%87%E0%A6%A4%E0%A7%87%E0%A6%A8%E0%A6%BF,এবারের নির্বাচনে ৪২টি দলের কেউ জেতেনি,"প্রকাশ : ১৩ ফেব্রুয়ারি ২০২৬, ২১:৪৭",2026-02-14 00:02:41,D:\IUT SEMESTER 7\CLIR\CLIR-News-Retrieval-System\data\raw\bangla\ittefaq\774791_5fd08097.json
774795_33e4c3f1.json,bangla,ittefaq,https://www.ittefaq.com.bd/774795/%E0%A6%9A%E0%A6%BE%E0%A6%81%E0%A6%A6%E0%A6%AA%E0%A7%81%E0%A6%B0%E0%A7%87-%E0%A6%A8%E0%A6%BF%E0%A6%B0%E0%A7%8D%E0%A6%AC%E0%A6%BE%E0%A6%9A%E0%A6%A8%E0%A7%87%E0%A6%B0-%E0%A6%AA%E0%A6%B0-%E0%A6%AC%E0%A6%BE%E0%A7%9C%E0%A6%BF%E0%A6%98%E0%A6%B0%E0%A7%87-%E0%A6%B9%E0%A6%BE%E0%A6%AE%E0%A6%B2%E0%A6%BE-%E0%A6%AD%E0%A6%BE%E0%A6%99%E0%A6%9A%E0%A7%81%E0%A6%B0,"চাঁদপুরে নির্বাচনের পর বাড়িঘরে হামলা-ভাঙচুর, শিশুসহ আহত ৫","প্রকাশ : ১৩ ফেব্রুয়ারি ২০২৬, ২২:১০",2026-02-14 00:02:15,D:\IUT SEMESTER 7\CLIR\CLIR-News-Retrieval-System\data\raw\bangla\ittefaq\774795_33e4c3f1.json
774796_ebd9d9f1.json,bangla,ittefaq,https://www.ittefaq.com.bd/774796/%E0%A6%B9%E0%A6%BE%E0%A6%AE%E0%A6%B2%E0%A6%BE-%E0%A6%AC%E0%A6%A8%E0%A7%8D%E0%A6%A7-%E0%A6%95%E0%A6%B0%E0%A7%81%E0%A6%A8-%E0%A6%87%E0%A6%A4%E0%A6%BF%E0%A6%AC%E0%A6%BE%E0%A6%9A%E0%A6%95-%E0%A6%B0%E0%A6%BE%E0%A6%9C%E0%A6%A8%E0%A7%80%E0%A6%A4%E0%A6%BF-%E0%A6%A5%E0%A7%87%E0%A6%95%E0%A7%87-%E0%A6%AC%E0%A6%9E%E0%A7%8D%E0%A6%9A%E0%A6%BF%E0%A6%A4-%E0%A6%95%E0%A6%B0%E0%A6%AC%E0%A7%87%E0%A6%A8,"হামলা বন্ধ করুন, ইতিবাচক রাজনীতি থেকে বঞ্চিত করবেন না","প্রকাশ : ১৩ ফেব্রুয়ারি ২০২৬, ২২:১১",2026-02-14 00:01:44,D:\IUT SEMESTER 7\CLIR\CLIR-News-Retrieval-System\data\raw\bangla\ittefaq\774796_ebd9d9f1.json
774797_b2d866ba.json,bangla,ittefaq,https://www.ittefaq.com.bd/774797/%E0%A6%A8%E0%A6%BF%E0%A6%B0%E0%A7%8D%E0%A6%AC%E0%A6%BE%E0%A6%9A%E0%A6%A8%E0%A7%87-%E0%A6%9C%E0%A7%9F%E0%A7%87%E0%A6%B0-%E0%A6%AA%E0%A6%B0-%E0%A6%AC%E0%A6%BF%E0%A6%8F%E0%A6%A8%E0%A6%AA%E0%A6%BF-%E0%A6%AA%E0%A7%8D%E0%A6%B0%E0%A6%BE%E0%A6%B0%E0%A7%8D%E0%A6%A5%E0%A7%80%E0%A6%95%E0%A7%87-%E0%A6%AE%E0%A6%BF%E0%A6%B7%E0%A7%8D%E0%A6%9F%E0%A6%BF-%E0%A6%AE%E0%A7%81%E0%A6%96,নির্বাচনে জয়ের পর বিএনপি প্রার্থীকে মিষ্টি মুখ করালেন আমির হামজা,"প্রকাশ : ১৩ ফেব্রুয়ারি ২০২৬, ২২:১২",2026-02-14 00:02:01,D:\IUT SEMESTER 7\CLIR\CLIR-News-Retrieval-System\data\raw\bangla\ittefaq\774797_b2d866ba.json
774798_10a3f7b1.json,bangla,ittefaq,https://www.ittefaq.com.bd/774798/%E0%A6%95%E0%A7%81%E0%A7%9C%E0%A6%BF%E0%A6%97%E0%A7%8D%E0%A6%B0%E0%A6%BE%E0%A6%AE%E0%A7%87%E0%A6%B0-%E0%A6%9A%E0%A6%BE%E0%A6%B0-%E0%A6%86%E0%A6%B8%E0%A6%A8%E0%A7%87-%E0%A7%A7%E0%A7%AE-%E0%A6%AA%E0%A7%8D%E0%A6%B0%E0%A6%BE%E0%A6%B0%E0%A7%8D%E0%A6%A5%E0%A7%80%E0%A6%B0-%E0%A6%9C%E0%A6%BE%E0%A6%AE%E0%A6%BE%E0%A6%A8%E0%A6%A4-%E0%A6%AC%E0%A6%BE%E0%A6%9C%E0%A7%87%E0%A7%9F%E0%A6%BE%E0%A6%AA%E0%A7%8D%E0%A6%A4,কুড়িগ্রামের চার আসনে ১৮ প্রার্থীর জামানত বাজেয়াপ্ত,"প্রকাশ : ১৩ ফেব্রুয়ারি ২০২৬, ২২:১৩",2026-02-14 00:01:58,D:\IUT SEMESTER 7\CLIR\CLIR-News-Retrieval-System\data\raw\bangla\ittefaq\774798_10a3f7b1.json
774799_896f64d2.json,bangla,ittefaq,https://www.ittefaq.com.bd/774799/%E0%A6%AE%E0%A7%81%E0%A6%A8%E0%A7%8D%E0%A6%B8%E0%A7%80%E0%A6%97%E0%A6%9E%E0%A7%8D%E0%A6%9C%E0%A7%87-%E0%A6%A8%E0%A6%BF%E0%A6%B0%E0%A7%8D%E0%A6%AC%E0%A6%BE%E0%A6%9A%E0%A6%A8-%E0%A6%AA%E0%A6%B0%E0%A6%AC%E0%A6%B0%E0%A7%8D%E0%A6%A4%E0%A7%80-%E0%A6%B8%E0%A6%B9%E0%A6%BF%E0%A6%82%E0%A6%B8%E0%A6%A4%E0%A6%BE%E0%A7%9F-%E0%A6%A8%E0%A6%BF%E0%A6%B9%E0%A6%A4-%E0%A7%A7,মুন্সীগঞ্জে নির্বাচন-পরবর্তী সহিংসতায় নিহত ১,"প্রকাশ : ১৩ ফেব্রুয়ারি ২০২৬, ২২:১৯",2026-02-14 00:01:27,D:\IUT SEMESTER 7\CLIR\CLIR-News-Retrieval-System\data\raw\bangla\ittefaq\774799_896f64d2.json
774800_e959fb4a.json,bangla,ittefaq,https://www.ittefaq.com.bd/774800/%E0%A6%A8%E0%A6%BF%E0%A6%B0%E0%A7%8D%E0%A6%AC%E0%A6%BE%E0%A6%9A%E0%A6%A8%E0%A7%80-%E0%A6%86%E0%A6%B2%E0%A7%8B%E0%A6%9A%E0%A6%A8%E0%A6%BE%E0%A7%9F-%E0%A6%B6%E0%A7%80%E0%A6%B0%E0%A7%8D%E0%A6%B7%E0%A7%87-%E0%A6%A5%E0%A7%87%E0%A6%95%E0%A7%87%E0%A6%93-%E0%A6%B9%E0%A6%BE%E0%A6%B0%E0%A6%B2%E0%A7%87%E0%A6%A8-%E0%A6%AF%E0%A6%BE%E0%A6%B0%E0%A6%BE,নির্বাচনী আলোচনায় শীর্ষে থেকেও হারলেন যারা,"প্রকাশ : ১৩ ফেব্রুয়ারি ২০২৬, ২২:২১",2026-02-14 00:01:47,D:\IUT SEMESTER 7\CLIR\CLIR-News-Retrieval-System\data\raw\bangla\ittefaq\774800_e959fb4a.json
774801_59c42c0c.json,bangla,ittefaq,https://www.ittefaq.com.bd/774801/%E0%A6%A4%E0%A6%BE%E0%A6%B0%E0%A7%87%E0%A6%95-%E0%A6%B0%E0%A6%B9%E0%A6%AE%E0%A6%BE%E0%A6%A8%E0%A6%95%E0%A7%87-%E0%A6%85%E0%A6%AD%E0%A6%BF%E0%A6%A8%E0%A6%A8%E0%A7%8D%E0%A6%A6%E0%A6%A8-%E0%A6%9C%E0%A6%BE%E0%A6%A8%E0%A6%BE%E0%A6%B2%E0%A7%87%E0%A6%A8-%E0%A6%AE%E0%A6%BE%E0%A6%B0%E0%A7%8D%E0%A6%95%E0%A7%8B-%E0%A6%B0%E0%A7%81%E0%A6%AC%E0%A6%BF%E0%A6%93,তারেক রহমানকে অভিনন্দন জানালেন মার্কো রুবিও,"প্রকাশ : ১৩ ফেব্রুয়ারি ২০২৬, ২২:২৩",2026-02-14 00:01:22,D:\IUT SEMESTER 7\CLIR\CLIR-News-Retrieval-System\data\raw\bangla\ittefaq\774801_59c42c0c.json
774802_66f39795.json,bangla,ittefaq,https://www.ittefaq.com.bd/774802/%E0%A6%AD%E0%A7%8B%E0%A6%B2%E0%A6%BE%E0%A7%9F-%E0%A7%A8%E0%A7%AF-%E0%A6%AA%E0%A7%8D%E0%A6%B0%E0%A6%BE%E0%A6%B0%E0%A7%8D%E0%A6%A5%E0%A7%80%E0%A6%B0-%E0%A6%AE%E0%A6%A7%E0%A7%8D%E0%A6%AF%E0%A7%87-%E0%A6%9C%E0%A6%BE%E0%A6%AE%E0%A6%BE%E0%A6%A8%E0%A6%A4-%E0%A6%B9%E0%A6%BE%E0%A6%B0%E0%A6%BE%E0%A6%B2%E0%A7%87%E0%A6%A8-%E0%A7%A8%E0%A7%A7,ভোলায় ২৯ প্রার্থীর মধ্যে জামানত হারালেন ২১ প্রার্থী,"প্রকাশ : ১৩ ফেব্রুয়ারি ২০২৬, ২২:২৭",2026-02-14 00:02:09,D:\IUT SEMESTER 7\CLIR\CLIR-News-Retrieval-System\data\raw\bangla\ittefaq\774802_66f39795.json
774803_f687b484.json,bangla,ittefaq,https://www.ittefaq.com.bd/774803/%E0%A6%AB%E0%A6%B0%E0%A6%BF%E0%A6%A6%E0%A6%AA%E0%A7%81%E0%A6%B0%E0%A7%87-%E0%A6%A6%E0%A7%81%E0%A6%87-%E0%A6%AA%E0%A6%95%E0%A7%8D%E0%A6%B7%E0%A7%87%E0%A6%B0-%E0%A6%B8%E0%A6%AE%E0%A6%B0%E0%A7%8D%E0%A6%A5%E0%A6%95%E0%A6%A6%E0%A7%87%E0%A6%B0-%E0%A6%A4%E0%A6%B0%E0%A7%8D%E0%A6%95%E0%A6%BE%E0%A6%A4%E0%A6%B0%E0%A7%8D%E0%A6%95%E0%A6%BF%E0%A6%B0-%E0%A6%AA%E0%A6%B0,"ফরিদপুরে দুই পক্ষের সমর্থকদের তর্কাতর্কির পর সংঘর্ষ, আহত ১২","প্রকাশ : ১৩ ফেব্রুয়ারি ২০২৬, ২২:২৯",2026-02-14 00:01:14,D:\IUT SEMESTER 7\CLIR\CLIR-News-Retrieval-System\data\raw\bangla\ittefaq\774803_f687b484.json
774804_e08ad5a5.json,bangla,ittefaq,https://www.ittefaq.com.bd/774804/%E0%A6%A2%E0%A6%BE%E0%A6%95%E0%A6%BE-%E0%A7%AD-%E0%A6%86%E0%A6%B8%E0%A6%A8%E0%A7%87-%E0%A6%AD%E0%A7%8B%E0%A6%9F-%E0%A6%97%E0%A6%A3%E0%A6%A8%E0%A6%BE%E0%A6%B0-%E0%A6%B8%E0%A6%AE%E0%A7%9F-%E0%A6%95%E0%A6%BE%E0%A6%B0%E0%A6%B8%E0%A6%BE%E0%A6%9C%E0%A6%BF%E0%A6%B0-%E0%A6%85%E0%A6%AD%E0%A6%BF%E0%A6%AF%E0%A7%8B%E0%A6%97-%E0%A6%9C%E0%A6%BE%E0%A6%AE%E0%A6%BE%E0%A7%9F%E0%A6%BE%E0%A6%A4,ঢাকা-৭ আসনে ভোট গণনার সময় কারসাজির অভিযোগ জামায়াত প্রার্থীর,"প্রকাশ : ১৩ ফেব্রুয়ারি ২০২৬, ২২:৩৯",2026-02-14 00:01:31,D:\IUT SEMESTER 7\CLIR\CLIR-News-Retrieval-System\data\raw\bangla\ittefaq\774804_e08ad5a5.json
774805_2c43e30d.json,bangla,ittefaq,https://www.ittefaq.com.bd/774805/%E0%A6%AC%E0%A6%BE%E0%A7%9C%E0%A6%A4%E0%A6%BF-%E0%A6%AD%E0%A6%BE%E0%A7%9C%E0%A6%BE%E0%A7%9F-%E0%A6%AE%E0%A6%BF%E0%A6%B2%E0%A6%9B%E0%A7%87-%E0%A6%A8%E0%A6%BE-%E0%A6%97%E0%A6%BE%E0%A7%9C%E0%A6%BF-%E0%A6%9A%E0%A6%B0%E0%A6%AE-%E0%A6%AD%E0%A7%8B%E0%A6%97%E0%A6%BE%E0%A6%A8%E0%A7%8D%E0%A6%A4%E0%A6%BF%E0%A6%A4%E0%A7%87,"বাড়তি ভাড়ায় মিলছে না গাড়ি, চরম ভোগান্তিতে সহস্রাধিক যাত্রী","প্রকাশ : ১৩ ফেব্রুয়ারি ২০২৬, ২২:৪১",2026-02-14 00:02:03,D:\IUT SEMESTER 7\CLIR\CLIR-News-Retrieval-System\data\raw\bangla\ittefaq\774805_2c43e30d.json
774806_18cf8255.json,bangla,ittefaq,https://www.ittefaq.com.bd/774806/%E0%A6%A2%E0%A6%BE%E0%A6%95%E0%A6%BE-%E0%A7%A7%E0%A7%A7-%E0%A6%86%E0%A6%B8%E0%A6%A8%E0%A7%87-%E2%80%98%E0%A6%87%E0%A6%B2%E0%A7%87%E0%A6%95%E0%A6%B6%E0%A6%A8-%E0%A6%87%E0%A6%9E%E0%A7%8D%E0%A6%9C%E0%A6%BF%E0%A6%A8%E0%A6%BF%E0%A7%9F%E0%A6%BE%E0%A6%B0%E0%A6%BF%E0%A6%82%E2%80%99-%E0%A6%B9%E0%A7%9F%E0%A7%87%E0%A6%9B%E0%A7%87-%E0%A6%8F%E0%A6%AE-%E0%A6%8F,ঢাকা-১১ আসনে ‘ইলেকশন ইঞ্জিনিয়ারিং’ হয়েছে: এম এ কাইয়ুম,"প্রকাশ : ১৩ ফেব্রুয়ারি ২০২৬, ২২:৪৫",2026-02-14 00:02:20,D:\IUT SEMESTER 7\CLIR\CLIR-News-Retrieval-System\data\raw\bangla\ittefaq\774806_18cf8255.json
774807_9fbe7e08.json,bangla,ittefaq,https://www.ittefaq.com.bd/774807/%E0%A6%AC%E0%A6%BF%E0%A6%9C%E0%A7%9F%E0%A7%80-%E0%A6%B9%E0%A7%9F%E0%A7%87-%E0%A6%B9%E0%A7%87%E0%A6%B2%E0%A6%BF%E0%A6%95%E0%A6%AA%E0%A7%8D%E0%A6%9F%E0%A6%BE%E0%A6%B0%E0%A7%87-%E0%A6%AA%E0%A6%9F%E0%A7%81%E0%A7%9F%E0%A6%BE%E0%A6%96%E0%A6%BE%E0%A6%B2%E0%A7%80-%E0%A6%A5%E0%A7%87%E0%A6%95%E0%A7%87-%E0%A6%A2%E0%A6%BE%E0%A6%95%E0%A6%BE%E0%A7%9F-%E0%A6%97%E0%A7%87%E0%A6%B2%E0%A7%87%E0%A6%A8,বিজয়ী হয়ে হেলিকপ্টারে পটুয়াখালী থেকে ঢাকায় গেলেন নুর,"প্রকাশ : ১৩ ফেব্রুয়ারি ২০২৬, ২২:৪৫",2026-02-14 00:01:55,D:\IUT SEMESTER 7\CLIR\CLIR-News-Retrieval-System\data\raw\bangla\ittefaq\774807_9fbe7e08.json
774808_f49c29fc.json,bangla,ittefaq,https://www.ittefaq.com.bd/774808/%E2%80%98%E0%A6%95%E0%A7%8D%E0%A6%B7%E0%A6%AE%E0%A6%A4%E0%A6%BE%E0%A6%B8%E0%A7%80%E0%A6%A8%E2%80%99-%E0%A6%B0%E0%A6%BE%E0%A6%9C%E0%A6%A8%E0%A7%88%E0%A6%A4%E0%A6%BF%E0%A6%95-%E0%A6%A6%E0%A6%B2%E0%A6%95%E0%A7%87-%E0%A6%95%E0%A7%9C%E0%A6%BE-%E0%A6%AC%E0%A6%BE%E0%A6%B0%E0%A7%8D%E0%A6%A4%E0%A6%BE-%E0%A6%A6%E0%A6%BF%E0%A6%B2%E0%A7%87%E0%A6%A8-%E0%A6%A1%E0%A6%BE%E0%A6%95%E0%A6%B8%E0%A7%81,‘ক্ষমতাসীন’ রাজনৈতিক দলকে কড়া বার্তা দিলেন ডাকসু ভিপি,"প্রকাশ : ১৩ ফেব্রুয়ারি ২০২৬, ২২:৪৮",2026-02-14 00:01:18,D:\IUT SEMESTER 7\CLIR\CLIR-News-Retrieval-System\data\raw\bangla\ittefaq\774808_f49c29fc.json
774809_8ba118ae.json,bangla,ittefaq,https://www.ittefaq.com.bd/774809/%E0%A6%8F-%E0%A6%AC%E0%A6%BF%E0%A6%9C%E0%A7%9F-%E0%A6%97%E0%A6%A3%E0%A6%A4%E0%A6%A8%E0%A7%8D%E0%A6%A4%E0%A7%8D%E0%A6%B0-%E0%A6%AA%E0%A7%8D%E0%A6%B0%E0%A6%A4%E0%A6%BF%E0%A6%B7%E0%A7%8D%E0%A6%A0%E0%A6%BE%E0%A6%B0-%E0%A6%B8%E0%A6%82%E0%A6%97%E0%A7%8D%E0%A6%B0%E0%A6%BE%E0%A6%AE%E0%A6%95%E0%A7%87-%E0%A6%8F%E0%A6%97%E0%A6%BF%E0%A6%AF%E0%A6%BC%E0%A7%87-%E0%A6%A8%E0%A7%87%E0%A6%AC%E0%A7%87,এ বিজয় গণতন্ত্র প্রতিষ্ঠার সংগ্রামকে এগিয়ে নেবে: জোনায়েদ সাকি,"প্রকাশ : ১৩ ফেব্রুয়ারি ২০২৬, ২২:৫৫",2026-02-14 00:01:40,D:\IUT SEMESTER 7\CLIR\CLIR-News-Retrieval-System\data\raw\bangla\ittefaq\774809_8ba118ae.json
774810_573929fe.json,bangla,ittefaq,https://www.ittefaq.com.bd/774810/%E0%A6%A6%E0%A7%87%E0%A6%B6-%E0%A6%97%E0%A7%9C%E0%A6%A4%E0%A7%87-%E0%A6%90%E0%A6%95%E0%A7%8D%E0%A6%AF%E0%A6%AC%E0%A6%A6%E0%A7%8D%E0%A6%A7%E0%A6%AD%E0%A6%BE%E0%A6%AC%E0%A7%87-%E0%A6%B0%E0%A6%BE%E0%A6%9C%E0%A6%A8%E0%A7%80%E0%A6%A4%E0%A6%BF-%E0%A6%95%E0%A6%B0%E0%A6%AC-%E0%A6%8F%E0%A7%8D%E0%A6%AF%E0%A6%BE%E0%A6%A8%E0%A6%BF,দেশ গড়তে ঐক্যবদ্ধভাবে রাজনীতি করব: এ্যানি,"প্রকাশ : ১৩ ফেব্রুয়ারি ২০২৬, ২৩:১৩",2026-02-14 00:01:36,D:\IUT SEMESTER 7\CLIR\CLIR-News-Retrieval-System\data\raw\bangla\ittefaq\774810_573929fe.json
774811_48fdb8b2.json,bangla,ittefaq,https://www.ittefaq.com.bd/774811/%E0%A6%A8%E0%A6%BF%E0%A6%B0%E0%A7%8D%E0%A6%AC%E0%A6%BE%E0%A6%9A%E0%A6%A8%E0%A7%87-%E0%A6%95%E0%A6%BE%E0%A6%B0-%E0%A6%B8%E0%A6%AE%E0%A6%B0%E0%A7%8D%E0%A6%A5%E0%A6%95-%E0%A6%9B%E0%A6%BF%E0%A6%B2%E0%A7%87%E0%A6%A8-%E0%A6%9C%E0%A6%BE%E0%A6%A8%E0%A6%BE%E0%A6%B2%E0%A7%87%E0%A6%A8-%E0%A6%A2%E0%A6%BE%E0%A6%AC%E0%A6%BF-%E0%A6%B6%E0%A6%BF%E0%A6%95%E0%A7%8D%E0%A6%B7%E0%A6%BF%E0%A6%95%E0%A6%BE,"নির্বাচনে কার সমর্থক ছিলেন, জানালেন ঢাবি শিক্ষিকা মোনামি","প্রকাশ : ১৩ ফেব্রুয়ারি ২০২৬, ২৩:১৮",2026-02-14 00:02:12,D:\IUT SEMESTER 7\CLIR\CLIR-News-Retrieval-System\data\raw\bangla\ittefaq\774811_48fdb8b2.json
774812_9b0908fd.json,bangla,ittefaq,https://www.ittefaq.com.bd/774812/%E0%A6%A6%E0%A7%8D%E0%A6%AC%E0%A7%80%E0%A6%AA-%E0%A6%B9%E0%A6%BE%E0%A6%A4%E0%A6%BF%E0%A7%9F%E0%A6%BE%E0%A6%B0-%E0%A6%AE%E0%A6%BE%E0%A6%A8%E0%A7%81%E0%A6%B7-%E0%A6%86%E0%A6%A8%E0%A6%A8%E0%A7%8D%E0%A6%A6%E0%A7%87%E0%A6%B0-%E0%A6%AC%E0%A6%A6%E0%A6%B2%E0%A7%87-%E0%A6%AD%E0%A7%80%E0%A6%A4-%E0%A6%B8%E0%A6%A8%E0%A7%8D%E0%A6%A4%E0%A7%8D%E0%A6%B0%E0%A6%B8%E0%A7%8D%E0%A6%A4,দ্বীপ হাতিয়ার মানুষ আনন্দের বদলে ভীত-সন্ত্রস্ত: হান্নান মাসউদ,"প্রকাশ : ১৩ ফেব্রুয়ারি ২০২৬, ২৩:৩২",2026-02-14 00:01:50,D:\IUT SEMESTER 7\CLIR\CLIR-News-Retrieval-System\data\raw\bangla\ittefaq\774812_9b0908fd.json
774813_2c2fcbe4.json,bangla,ittefaq,https://www.ittefaq.com.bd/774813/%E0%A7%A7%E0%A7%AC-%E0%A6%AB%E0%A7%87%E0%A6%AC%E0%A7%8D%E0%A6%B0%E0%A7%81%E0%A7%9F%E0%A6%BE%E0%A6%B0%E0%A6%BF-%E0%A6%A8%E0%A6%AC%E0%A6%A8%E0%A6%BF%E0%A6%B0%E0%A7%8D%E0%A6%AC%E0%A6%BE%E0%A6%9A%E0%A6%BF%E0%A6%A4-%E0%A6%8F%E0%A6%AE%E0%A6%AA%E0%A6%BF%E0%A6%A6%E0%A7%87%E0%A6%B0-%E0%A6%B6%E0%A6%AA%E0%A6%A5-%E0%A6%AA%E0%A7%9C%E0%A6%BE%E0%A6%A4%E0%A7%87-%E0%A6%AA%E0%A6%BE%E0%A6%B0%E0%A7%87%E0%A6%A8,১৬ ফেব্রুয়ারি নবনির্বাচিত এমপিদের শপথ পড়াতে পারেন প্রধান বিচারপতি,"প্রকাশ : ১৩ ফেব্রুয়ারি ২০২৬, ২৩:৪২",2026-02-14 00:02:06,D:\IUT SEMESTER 7\CLIR\CLIR-News-Retrieval-System\data\raw\bangla\ittefaq\774813_2c2fcbe4.json
774814_b5676a1f.json,bangla,ittefaq,https://www.ittefaq.com.bd/774814/%E0%A6%86%E0%A6%87%E0%A6%B8%E0%A6%BF%E0%A6%B8%E0%A6%BF%E0%A6%B0-%E0%A6%86%E0%A6%AE%E0%A6%A8%E0%A7%8D%E0%A6%A4%E0%A7%8D%E0%A6%B0%E0%A6%A3%E0%A7%87-%E0%A6%B8%E0%A6%BE%E0%A7%9C%E0%A6%BE-%E0%A6%A6%E0%A6%BF%E0%A6%9A%E0%A7%8D%E0%A6%9B%E0%A7%87%E0%A6%A8-%E0%A6%A8%E0%A6%BE-%E0%A6%AC%E0%A6%BF%E0%A6%B8%E0%A6%BF%E0%A6%AC%E0%A6%BF-%E0%A6%B8%E0%A6%AD%E0%A6%BE%E0%A6%AA%E0%A6%A4%E0%A6%BF,আইসিসির আমন্ত্রণে সাড়া দিচ্ছেন না বিসিবি সভাপতি,"প্রকাশ : ১৩ ফেব্রুয়ারি ২০২৬, ২৩:৫২",2026-02-14 00:01:53,D:\IUT SEMESTER 7\CLIR\CLIR-News-Retrieval-System\data\raw\bangla\ittefaq\774814_b5676a1f.json
1062885_f1bf1df7.json,bangla,jugantor,https://www.jugantor.com/politics/1062885,হাসিনার সন্তানদের পুনর্বাসনের চেষ্টা করলে জনগণ প্রতিহত করবে: আসিফ মাহমুদ,,2026-02-14 00:21:02,D:\IUT SEMESTER 7\CLIR\CLIR-News-Retrieval-System\data\raw\bangla\jugantor\1062885_f1bf1df7.json
1062911_26ede29a.json,bangla,jugantor,https://www.jugantor.com/country-news/1062911,"সেপটিক ট্যাংক থেকে শিশুর লাশ উদ্ধার, আটক ৩",,2026-02-14 00:20:32,D:\IUT SEMESTER 7\CLIR\CLIR-News-Retrieval-System\data\raw\bangla\jugantor\1062911_26ede29a.json
1062913_a5d03069.json,bangla,jugantor,https://www.jugantor.com/country-news/1062913,লক্ষ্মীপুর-৩ আসনে জামায়াতের প্রার্থীকে সতর্ক করে দিল ইসি,,2026-02-14 00:20:43,D:\IUT SEMESTER 7\CLIR\CLIR-News-Retrieval-System\data\raw\bangla\jugantor\1062913_a5d03069.json
1063546_bae58349.json,bangla,jugantor,https://www.jugantor.com/bnp/1063546,স্বাধীনতার সময় জামায়াতের ইনসাফ ছিল না: এ্যানি,,2026-02-14 00:20:26,D:\IUT SEMESTER 7\CLIR\CLIR-News-Retrieval-System\data\raw\bangla\jugantor\1063546_bae58349.json
1063556_50f56d94.json,bangla,jugantor,https://www.jugantor.com/country-news/1063556,"জমি দখল নিতে হামলা, নারীসহ আহত ৫",,2026-02-14 00:20:37,D:\IUT SEMESTER 7\CLIR\CLIR-News-Retrieval-System\data\raw\bangla\jugantor\1063556_50f56d94.json
1064196_acf0e095.json,bangla,jugantor,https://www.jugantor.com/country-news/1064196,"কমলনগরে নির্বাচনী ব্রিফিং, প্রয়োজনে রোজা রেখে দায়িত্ব পালনের নির্দেশ এএসপি'র",,2026-02-14 00:20:03,D:\IUT SEMESTER 7\CLIR\CLIR-News-Retrieval-System\data\raw\bangla\jugantor\1064196_acf0e095.json
1064515_4ed482e3.json,bangla,jugantor,https://www.jugantor.com/national/1064515,৬০.২৬ শতাংশ গণভোট পড়েছে ‘হ্যাঁ’ জিতেছে,,2026-02-14 00:17:40,D:\IUT SEMESTER 7\CLIR\CLIR-News-Retrieval-System\data\raw\bangla\jugantor\1064515_4ed482e3.json
1064535_d727a39d.json,bangla,jugantor,https://www.jugantor.com/country-news/1064535,ভোট দিয়ে যা বললেন শহীদ উদ্দীন চৌধুরী এ্যানি,,2026-02-14 00:20:20,D:\IUT SEMESTER 7\CLIR\CLIR-News-Retrieval-System\data\raw\bangla\jugantor\1064535_d727a39d.json
1064898_3100dfcb.json,bangla,jugantor,https://www.jugantor.com/country-news/1064898,"জামায়াত প্রার্থীর কাছে হেরে গেলেন বিএনপির হারুন, ভোটের ব্যবধান কত",,2026-02-14 00:15:52,D:\IUT SEMESTER 7\CLIR\CLIR-News-Retrieval-System\data\raw\bangla\jugantor\1064898_3100dfcb.json
1064906_bf70e513.json,bangla,jugantor,https://www.jugantor.com/national/1064906,১১ দলীয় জোট ৮০ ও বিএনপি ৭৭ আসনে জয়ী,,2026-02-14 00:17:10,D:\IUT SEMESTER 7\CLIR\CLIR-News-Retrieval-System\data\raw\bangla\jugantor\1064906_bf70e513.json
1065109_5cf42b99.json,bangla,jugantor,https://www.jugantor.com/politics/1065109,সর্বশেষ প্রাপ্ত তথ্য: বিএনপি-জামায়াত কে কত আসন পেল,,2026-02-14 00:16:47,D:\IUT SEMESTER 7\CLIR\CLIR-News-Retrieval-System\data\raw\bangla\jugantor\1065109_5cf42b99.json
1065124_cf3fe25f.json,bangla,jugantor,https://www.jugantor.com/politics/1065124,কত ভোটে নাসিরুদ্দীনকে হারালেন মির্জা আব্বাস,,2026-02-14 00:16:08,D:\IUT SEMESTER 7\CLIR\CLIR-News-Retrieval-System\data\raw\bangla\jugantor\1065124_cf3fe25f.json
1065188_f533a3b7.json,bangla,jugantor,https://www.jugantor.com/national/1065188,‘না’ ভোট জিতেছে যে চারটি আসনে,,2026-02-14 00:17:24,D:\IUT SEMESTER 7\CLIR\CLIR-News-Retrieval-System\data\raw\bangla\jugantor\1065188_f533a3b7.json
1065189_0f8520a9.json,bangla,jugantor,https://www.jugantor.com/politics/1065189,জামায়াতের আমজাদের গাদ্দারি বাংলাদেশ মনে রাখবে: সারোয়ার তুষার,,2026-02-14 00:15:34,D:\IUT SEMESTER 7\CLIR\CLIR-News-Retrieval-System\data\raw\bangla\jugantor\1065189_0f8520a9.json
1065198_dd933e8f.json,bangla,jugantor,https://www.jugantor.com/national/1065198,সর্বশেষ প্রাপ্ত ফলে কোন দল কত আসন পেল,,2026-02-14 00:15:40,D:\IUT SEMESTER 7\CLIR\CLIR-News-Retrieval-System\data\raw\bangla\jugantor\1065198_dd933e8f.json
1065213_726cdde8.json,bangla,jugantor,https://www.jugantor.com/politics/1065213,৪৭ বছরের রেকর্ড ভেঙে গাজীপুর-৩ আসন পুনরুদ্ধার করল বিএনপি,,2026-02-14 00:18:50,D:\IUT SEMESTER 7\CLIR\CLIR-News-Retrieval-System\data\raw\bangla\jugantor\1065213_726cdde8.json
1065218_1a7e6c2c.json,bangla,jugantor,https://www.jugantor.com/politics/1065218,আজ বাংলাদেশের ইতিহাসে একটি উল্লেখযোগ্য দিন,,2026-02-14 00:18:14,D:\IUT SEMESTER 7\CLIR\CLIR-News-Retrieval-System\data\raw\bangla\jugantor\1065218_1a7e6c2c.json
1065229_34853817.json,bangla,jugantor,https://www.jugantor.com/politics/1065229,"বিএনপি জোট সরকার গঠন করবে কিনা, যা বললেন সালাহউদ্দিন",,2026-02-14 00:15:27,D:\IUT SEMESTER 7\CLIR\CLIR-News-Retrieval-System\data\raw\bangla\jugantor\1065229_34853817.json
1065232_1a7847b9.json,bangla,jugantor,https://www.jugantor.com/country-news/1065232,একসঙ্গে সংসদে যাচ্ছেন দুই ভাই,,2026-02-14 00:16:24,D:\IUT SEMESTER 7\CLIR\CLIR-News-Retrieval-System\data\raw\bangla\jugantor\1065232_1a7847b9.json
1065235_afa38527.json,bangla,jugantor,https://www.jugantor.com/politics/1065235,কত ভোট পেলেন আমজনতার তারেক?,,2026-02-14 00:17:02,D:\IUT SEMESTER 7\CLIR\CLIR-News-Retrieval-System\data\raw\bangla\jugantor\1065235_afa38527.json
1065252_c2875a74.json,bangla,jugantor,https://www.jugantor.com/politics/1065252,২৪ ঘণ্টার মধ্যে ব্যানার-ফেস্টুন অপসারণের আহ্বান বিএনপির কায়সার কামালের,,2026-02-14 00:18:43,D:\IUT SEMESTER 7\CLIR\CLIR-News-Retrieval-System\data\raw\bangla\jugantor\1065252_c2875a74.json
1065262_297998d8.json,bangla,jugantor,https://www.jugantor.com/politics/1065262,"চট্টগ্রামের ১৬ আসনের ১৪টিতে বিএনপির জয়, জামায়াত ২টিতে",,2026-02-14 00:18:56,D:\IUT SEMESTER 7\CLIR\CLIR-News-Retrieval-System\data\raw\bangla\jugantor\1065262_297998d8.json
1065266_d3236cd3.json,bangla,jugantor,https://www.jugantor.com/politics/1065266,কত ভোট পেলেন মেঘনা আলম,,2026-02-14 00:18:37,D:\IUT SEMESTER 7\CLIR\CLIR-News-Retrieval-System\data\raw\bangla\jugantor\1065266_d3236cd3.json
1065273_a882b538.json,bangla,jugantor,https://www.jugantor.com/country-news/1065273,কত ভোট পেলেন গিয়াস উদ্দিন তাহেরী,,2026-02-14 00:16:58,D:\IUT SEMESTER 7\CLIR\CLIR-News-Retrieval-System\data\raw\bangla\jugantor\1065273_a882b538.json
1065301_0bdbb81a.json,bangla,jugantor,https://www.jugantor.com/politics-others/1065301,যে শর্তে বিএনপিতে ফিরতে চান রুমিন ফারহানা,,2026-02-14 00:15:22,D:\IUT SEMESTER 7\CLIR\CLIR-News-Retrieval-System\data\raw\bangla\jugantor\1065301_0bdbb81a.json
1065308_e403dfd8.json,bangla,jugantor,https://www.jugantor.com/politics/1065308,ভোটে হেরেও ‘আলহামদুলিল্লাহ’ বললেন এনসিপির প্রার্থী জামিল হিজাযী,,2026-02-14 00:19:38,D:\IUT SEMESTER 7\CLIR\CLIR-News-Retrieval-System\data\raw\bangla\jugantor\1065308_e403dfd8.json
1065310_ba29d66d.json,bangla,jugantor,https://www.jugantor.com/politics/1065310,যুক্তরাজ্যে ফিরছেন তাসনিম জারা? যা বললেন,,2026-02-14 00:16:13,D:\IUT SEMESTER 7\CLIR\CLIR-News-Retrieval-System\data\raw\bangla\jugantor\1065310_ba29d66d.json
1065335_5cd710fa.json,bangla,jugantor,https://www.jugantor.com/politics/1065335,বাবার পথ ধরে সংসদে যাবেন বিএনপির যেসব তরুণ নেতা,,2026-02-14 00:19:21,D:\IUT SEMESTER 7\CLIR\CLIR-News-Retrieval-System\data\raw\bangla\jugantor\1065335_5cd710fa.json
1065339_f9363042.json,bangla,jugantor,https://www.jugantor.com/politics/1065339,তারেক রহমানকে ফুল দিয়ে শুভেচ্ছা জানালেন মির্জা ফখরুল,,2026-02-14 00:19:45,D:\IUT SEMESTER 7\CLIR\CLIR-News-Retrieval-System\data\raw\bangla\jugantor\1065339_f9363042.json
1065367_0b9501e1.json,bangla,jugantor,https://www.jugantor.com/politics/1065367,তারেক রহমানকে ভারতের কংগ্রেস সভাপতির অভিনন্দন,,2026-02-14 00:19:02,D:\IUT SEMESTER 7\CLIR\CLIR-News-Retrieval-System\data\raw\bangla\jugantor\1065367_0b9501e1.json
1065394_e121b7db.json,bangla,jugantor,https://www.jugantor.com/politics/1065394,কোনো প্রার্থীই জয়ী হয়নি ৪২ রাজনৈতিক দলের,,2026-02-14 00:18:26,D:\IUT SEMESTER 7\CLIR\CLIR-News-Retrieval-System\data\raw\bangla\jugantor\1065394_e121b7db.json
1065397_5685fede.json,bangla,jugantor,https://www.jugantor.com/politics/1065397,"নির্বাচনে ১০ শতাংশ ভোট কারচুপি করা হয়েছে, অভিযোগ নাহিদের",,2026-02-14 00:18:20,D:\IUT SEMESTER 7\CLIR\CLIR-News-Retrieval-System\data\raw\bangla\jugantor\1065397_5685fede.json
1065399_33713907.json,bangla,jugantor,https://www.jugantor.com/country-news/1065399,শেরপুর-১: যে কারণে বিএনপির প্রার্থী প্রিয়াঙ্কার ভরাডুবি,,2026-02-14 00:18:03,D:\IUT SEMESTER 7\CLIR\CLIR-News-Retrieval-System\data\raw\bangla\jugantor\1065399_33713907.json
1065399_69ebba43.json,bangla,jugantor,https://www.jugantor.com/politics/1065399,শেরপুর-১: যে কারণে বিএনপির প্রার্থী প্রিয়াঙ্কার ভরাডুবি,,2026-02-14 00:20:09,D:\IUT SEMESTER 7\CLIR\CLIR-News-Retrieval-System\data\raw\bangla\jugantor\1065399_69ebba43.json
1065400_27900518.json,bangla,jugantor,https://www.jugantor.com/country-news/1065400,"মসজিদের মিম্বর থেকে সংসদের পথে, ইতিহাস গড়লেন মুফতি আবুল হাসান",,2026-02-14 00:18:32,D:\IUT SEMESTER 7\CLIR\CLIR-News-Retrieval-System\data\raw\bangla\jugantor\1065400_27900518.json
1065401_dd0845f5.json,bangla,jugantor,https://www.jugantor.com/national/1065401,সংসদ ভোটের চেয়ে গণভোটের হার বেশি কেন? ব্যাখ্যা দিল ইসি,,2026-02-14 00:20:14,D:\IUT SEMESTER 7\CLIR\CLIR-News-Retrieval-System\data\raw\bangla\jugantor\1065401_dd0845f5.json
1065402_0b33f663.json,bangla,jugantor,https://www.jugantor.com/politics/1065402,বিএনপিকে দুই-তৃতীয়াংশ আসন দিতে ‘রেজাল্ট টেম্পারিং’ হয়েছে: এনসিপি,,2026-02-14 00:19:27,D:\IUT SEMESTER 7\CLIR\CLIR-News-Retrieval-System\data\raw\bangla\jugantor\1065402_0b33f663.json
1065402_fefef37f.json,bangla,jugantor,https://www.jugantor.com/national/1065402,বিএনপিকে দুই-তৃতীয়াংশ আসন দিতে ‘রেজাল্ট টেম্পারিং’ হয়েছে: এনসিপি,,2026-02-14 00:16:18,D:\IUT SEMESTER 7\CLIR\CLIR-News-Retrieval-System\data\raw\bangla\jugantor\1065402_fefef37f.json
1065403_5ad8ea35.json,bangla,jugantor,https://www.jugantor.com/politics/1065403,দেশব্যাপী এনসিপির নেতাকর্মীদের ওপর হামলার অভিযোগ আসিফের,,2026-02-14 00:16:03,D:\IUT SEMESTER 7\CLIR\CLIR-News-Retrieval-System\data\raw\bangla\jugantor\1065403_5ad8ea35.json
1065404_153a4a31.json,bangla,jugantor,https://www.jugantor.com/politics/1065404,দেশ গড়তে ঐক্যবদ্ধভাবে রাজনীতি করব : এ্যানি,,2026-02-14 00:19:33,D:\IUT SEMESTER 7\CLIR\CLIR-News-Retrieval-System\data\raw\bangla\jugantor\1065404_153a4a31.json
1065404_2222d792.json,bangla,jugantor,https://www.jugantor.com/bnp/1065404,দেশ গড়তে ঐক্যবদ্ধভাবে রাজনীতি করব : এ্যানি,,2026-02-14 00:16:41,D:\IUT SEMESTER 7\CLIR\CLIR-News-Retrieval-System\data\raw\bangla\jugantor\1065404_2222d792.json
1065404_3ec139be.json,bangla,jugantor,https://www.jugantor.com/country-news/1065404,দেশ গড়তে ঐক্যবদ্ধভাবে রাজনীতি করব : এ্যানি,,2026-02-14 00:18:08,D:\IUT SEMESTER 7\CLIR\CLIR-News-Retrieval-System\data\raw\bangla\jugantor\1065404_3ec139be.json
1065405_cf2d70ca.json,bangla,jugantor,https://www.jugantor.com/national/1065405,"ঢাকা-৪ আসনে কারচুপির অভিযোগ, ফলাফল স্থগিতের দাবি",,2026-02-14 00:16:52,D:\IUT SEMESTER 7\CLIR\CLIR-News-Retrieval-System\data\raw\bangla\jugantor\1065405_cf2d70ca.json
1065406_be5435f2.json,bangla,jugantor,https://www.jugantor.com/politics/1065406,আলোচনায় শীর্ষে থেকেও হারলেন যারা,,2026-02-14 00:16:30,D:\IUT SEMESTER 7\CLIR\CLIR-News-Retrieval-System\data\raw\bangla\jugantor\1065406_be5435f2.json
1065407_633ec997.json,bangla,jugantor,https://www.jugantor.com/politics/1065407,পররাষ্ট্রনীতি কোনো বিশেষ দেশকেন্দ্রিক হবে না: আমীর খসরু,,2026-02-14 00:15:46,D:\IUT SEMESTER 7\CLIR\CLIR-News-Retrieval-System\data\raw\bangla\jugantor\1065407_633ec997.json
1065408_18e46590.json,bangla,jugantor,https://www.jugantor.com/country-news/1065408,‘বিদ্রোহী’ প্রার্থীর সমর্থককে পিটিয়ে হত্যার অভিযোগ স্বেচ্ছাসেবক দল নেতার বিরুদ্ধে,,2026-02-14 00:17:14,D:\IUT SEMESTER 7\CLIR\CLIR-News-Retrieval-System\data\raw\bangla\jugantor\1065408_18e46590.json
1065409_f89a795b.json,bangla,jugantor,https://www.jugantor.com/politics/1065409,"হারাগাছে এনসিপির অফিস ভাঙচুর, কর্মীদের ওপর হামলার অভিযোগ",,2026-02-14 00:15:58,D:\IUT SEMESTER 7\CLIR\CLIR-News-Retrieval-System\data\raw\bangla\jugantor\1065409_f89a795b.json
1065410_96b7e9ac.json,bangla,jugantor,https://www.jugantor.com/country-news/1065410,নওগাঁয় জামানত হারাচ্ছেন ২০ প্রার্থী,,2026-02-14 00:17:45,D:\IUT SEMESTER 7\CLIR\CLIR-News-Retrieval-System\data\raw\bangla\jugantor\1065410_96b7e9ac.json
1065411_d7b2833d.json,bangla,jugantor,https://www.jugantor.com/country-news/1065411,ভোটে জিতেই জুমার নামাজে ইমামতি করলেন জামায়েতের এমপি,,2026-02-14 00:17:19,D:\IUT SEMESTER 7\CLIR\CLIR-News-Retrieval-System\data\raw\bangla\jugantor\1065411_d7b2833d.json
99275ea50bc11e06.json,bangla,jugantor,https://www.jugantor.com/13th-parliament-election-2026/candidates,প্রার্থী তালিকা,,2026-02-14 00:16:36,D:\IUT SEMESTER 7\CLIR\CLIR-News-Retrieval-System\data\raw\bangla\jugantor\99275ea50bc11e06.json
0970981004997808.json,bangla,prothom_alo,https://www.prothomalo.com/bangladesh/hoy5hli9p5,বায়ুদূষণে বাংলাদেশে ভয়ংকর হচ্ছে ডেঙ্গু,2026-02-09 14:05:00,2026-02-13 23:58:58,D:\IUT SEMESTER 7\CLIR\CLIR-News-Retrieval-System\data\raw\bangla\prothom_alo\0970981004997808.json
0a46878dde3ebf10.json,bangla,prothom_alo,https://www.prothomalo.com/politics/54mpa856hx,"ভোটের মাইকে ‘ঝালাপালা’ কান, শব্দদূষণ বাড়িয়েছে দ্বিগুণ",2026-02-07 15:50:52,2026-02-13 23:58:48,D:\IUT SEMESTER 7\CLIR\CLIR-News-Retrieval-System\data\raw\bangla\prothom_alo\0a46878dde3ebf10.json
0c09b9986927a234.json,bangla,prothom_alo,https://www.prothomalo.com/bangladesh/environment/yrns01jpij,সপ্তাহের প্রথম কর্মদিবসের সকালে ঢাকা বিশ্বের সবচেয়ে দূষিত বায়ুর শহর,2026-01-25 10:16:08,2026-02-13 23:58:31,D:\IUT SEMESTER 7\CLIR\CLIR-News-Retrieval-System\data\raw\bangla\prothom_alo\0c09b9986927a234.json
0c6deb7a3eebdea7.json,bangla,prothom_alo,https://www.prothomalo.com/bangladesh/district/qpzqn2r2ob,"‘বিদ্রোহী’ প্রার্থীর সমর্থককে পিটিয়ে হত্যা, অভিযোগ স্বেচ্ছাসেবক দলের নেতার বিরুদ্ধে",2026-02-13 22:25:38,2026-02-13 23:53:24,D:\IUT SEMESTER 7\CLIR\CLIR-News-Retrieval-System\data\raw\bangla\prothom_alo\0c6deb7a3eebdea7.json
10091d3eb6e8b257.json,bangla,prothom_alo,https://www.prothomalo.com/bangladesh/district/ip78vpat2i,"ধানের শীষ নিয়ে বাজিতে মহিষ জিতে ব্যান্ড বাজিয়ে বাড়ি ফিরলেন, এলাকায় উৎসব",2026-02-13 23:39:33,2026-02-13 23:53:29,D:\IUT SEMESTER 7\CLIR\CLIR-News-Retrieval-System\data\raw\bangla\prothom_alo\10091d3eb6e8b257.json
1218c68fcd3f7d74.json,bangla,prothom_alo,https://www.prothomalo.com/bangladesh/environment/sq04nmv8ck,"শীতকাল ছোট হচ্ছে, ৭০ বছর পর কেমন হবে",2026-01-29 12:38:00,2026-02-13 23:55:44,D:\IUT SEMESTER 7\CLIR\CLIR-News-Retrieval-System\data\raw\bangla\prothom_alo\1218c68fcd3f7d74.json
1cae1d272cd4bb5b.json,bangla,prothom_alo,https://www.prothomalo.com/bangladesh/environment/g8jiow10qj,"ঢাকার ৬ স্থানে আজ সকালে ব্যাপক দূষণ, পুরো নগরীর বায়ু খুব অস্বাস্থ্যকর",2026-01-27 09:25:06,2026-02-13 23:55:38,D:\IUT SEMESTER 7\CLIR\CLIR-News-Retrieval-System\data\raw\bangla\prothom_alo\1cae1d272cd4bb5b.json
2566bc3bdc51bc11.json,bangla,prothom_alo,https://www.prothomalo.com/bangladesh/district/1yqaav5g1h,ভোটের ফলাফল প্রত্যাখ্যান করে সংবাদ সম্মেলন করলেন বিএনপির পরাজিত বিদ্রোহী প্রার্থী,2026-02-13 23:27:26,2026-02-13 23:54:26,D:\IUT SEMESTER 7\CLIR\CLIR-News-Retrieval-System\data\raw\bangla\prothom_alo\2566bc3bdc51bc11.json
271db39af6b4f33f.json,bangla,prothom_alo,https://www.prothomalo.com/politics/htqnbhr66f,"ঢাকার নারী প্রার্থীরা কে কত ভোট পেলেন, কারা ছিলেন নিকটতম প্রতিদ্বন্দ্বী",2026-02-13 20:49:51,2026-02-13 23:54:31,D:\IUT SEMESTER 7\CLIR\CLIR-News-Retrieval-System\data\raw\bangla\prothom_alo\271db39af6b4f33f.json
2b69f8e0238925ff.json,bangla,prothom_alo,https://www.prothomalo.com/bangladesh/environment/vka8bg7iwz,"আবার শৈত্যপ্রবাহ ৩ জেলায়, রাজধানীতেও কমল তাপমাত্রা",2026-01-23 10:38:50,2026-02-13 23:56:38,D:\IUT SEMESTER 7\CLIR\CLIR-News-Retrieval-System\data\raw\bangla\prothom_alo\2b69f8e0238925ff.json
2d98265de9d6cf76.json,bangla,prothom_alo,https://www.prothomalo.com/video/bangladesh/mxhmledx3i,"রক্তের সম্পর্ক পেরিয়ে, ভোটের মাঠে রাজনীতির লড়াই",2026-02-13 18:39:19,2026-02-13 23:53:48,D:\IUT SEMESTER 7\CLIR\CLIR-News-Retrieval-System\data\raw\bangla\prothom_alo\2d98265de9d6cf76.json
38cae59e7182be11.json,bangla,prothom_alo,https://www.prothomalo.com/bangladesh/district/qak2b1huad,"কুমিল্লার ১১টি আসনে জয় পেলেন কারা, কত ভোট পেলেন",2026-02-13 23:40:10,2026-02-13 23:54:10,D:\IUT SEMESTER 7\CLIR\CLIR-News-Retrieval-System\data\raw\bangla\prothom_alo\38cae59e7182be11.json
40971c001892a3bb.json,bangla,prothom_alo,https://www.prothomalo.com/bangladesh/environment/hucnp16rgw,"ছুটির দিনে ভয়ানক বায়ুদূষণ ঢাকায়, ৯ স্থানে দূষণ অনেক বেশি",2026-01-23 10:03:37,2026-02-13 23:56:31,D:\IUT SEMESTER 7\CLIR\CLIR-News-Retrieval-System\data\raw\bangla\prothom_alo\40971c001892a3bb.json
424d6dfd87134026.json,bangla,prothom_alo,https://www.prothomalo.com/bangladesh/district/erblkk4agx,আইনি ভিত্তি পেলে ভোট পুনর্গণনার আবেদন করব: গোলাম পরওয়ার,2026-02-13 19:10:49,2026-02-14 00:00:55,D:\IUT SEMESTER 7\CLIR\CLIR-News-Retrieval-System\data\raw\bangla\prothom_alo\424d6dfd87134026.json
450cc94d86f10f61.json,bangla,prothom_alo,https://www.prothomalo.com/politics/7c2vuxdict,অল্প ব্যবধানে জামায়াত নেতাদের হার: ষড়যন্ত্রতত্ত্ব বনাম পরিসংখ্যান,2026-02-13 23:32:35,2026-02-13 23:53:34,D:\IUT SEMESTER 7\CLIR\CLIR-News-Retrieval-System\data\raw\bangla\prothom_alo\450cc94d86f10f61.json
4fa4af9e80b618ed.json,bangla,prothom_alo,https://www.prothomalo.com/video/bangladesh/ssy1smnd5a,টার্গেট করে কিছু আসনের ফল পরিবর্তন করা হয়েছে: ১১ দলের ব্রিফিংয়ে নাহিদ ইসলাম,2026-02-13 23:28:26,2026-02-13 23:53:53,D:\IUT SEMESTER 7\CLIR\CLIR-News-Retrieval-System\data\raw\bangla\prothom_alo\4fa4af9e80b618ed.json
51ee9a0a63474e85.json,bangla,prothom_alo,https://www.prothomalo.com/bangladesh/environment/tvu15pmwug,সুরভিত দিবা হাসনাহেনা,2026-01-22 12:20:00,2026-02-13 23:57:47,D:\IUT SEMESTER 7\CLIR\CLIR-News-Retrieval-System\data\raw\bangla\prothom_alo\51ee9a0a63474e85.json
5559c22ca4e937c3.json,bangla,prothom_alo,https://www.prothomalo.com/bangladesh/environment/oxchbkoz4a,"বায়ুদূষণে বিশ্বের ১১৯ শহরের মধ্যে দ্বিতীয় ঢাকা, পাশের শহরটির দূষণ আরও বেশি",2026-02-05 09:10:42,2026-02-13 23:56:08,D:\IUT SEMESTER 7\CLIR\CLIR-News-Retrieval-System\data\raw\bangla\prothom_alo\5559c22ca4e937c3.json
559c7866b36cde05.json,bangla,prothom_alo,https://www.prothomalo.com/bangladesh/district/041fa991iw,ময়মনসিংহে সুপারি চুরির অভিযোগে ৯ বছরের শিশুকে পিটিয়ে হত্যা,2026-02-13 23:09:16,2026-02-13 23:54:55,D:\IUT SEMESTER 7\CLIR\CLIR-News-Retrieval-System\data\raw\bangla\prothom_alo\559c7866b36cde05.json
59db2a04a27719aa.json,bangla,prothom_alo,https://www.prothomalo.com/bangladesh/district/c8gux1wayx,নেত্রকোনা-৫ : উপজেলা ভাইস চেয়ারম্যান থেকে সংসদ সদস্য জামায়াতের মাছুম মোস্তফা,2026-02-13 21:23:28,2026-02-14 00:00:48,D:\IUT SEMESTER 7\CLIR\CLIR-News-Retrieval-System\data\raw\bangla\prothom_alo\59db2a04a27719aa.json
5acb99704cbb1c92.json,bangla,prothom_alo,https://www.prothomalo.com/world/usa/9sg557cb3n,গ্রিনহাউস গ্যাসকে জনস্বাস্থ্যের জন্য বিপজ্জনক বিবেচনার ঘোষণা বাতিল করলেন ট্রাম্প,2026-02-13 10:54:30,2026-02-13 23:59:30,D:\IUT SEMESTER 7\CLIR\CLIR-News-Retrieval-System\data\raw\bangla\prothom_alo\5acb99704cbb1c92.json
5e85d49ce8cebaf7.json,bangla,prothom_alo,https://www.prothomalo.com/bangladesh/environment/1rmklca54t,"ঢাকার আজকের বায়ু ‘খুব অস্বাস্থ্যকর’, সুরক্ষায় আপনার জন্য কিছু পরামর্শ",2026-01-22 09:06:12,2026-02-13 23:59:05,D:\IUT SEMESTER 7\CLIR\CLIR-News-Retrieval-System\data\raw\bangla\prothom_alo\5e85d49ce8cebaf7.json
61be8d7b3a44bf8f.json,bangla,prothom_alo,https://www.prothomalo.com/bangladesh/environment/l3hlzusrb2,ঠাকুরগাঁওয়ে ভূমিকম্প অনুভূত,2026-01-25 10:04:03,2026-02-13 23:58:37,D:\IUT SEMESTER 7\CLIR\CLIR-News-Retrieval-System\data\raw\bangla\prothom_alo\61be8d7b3a44bf8f.json
6305dacf6bdacfdf.json,bangla,prothom_alo,https://www.prothomalo.com/bangladesh/environment/x779q8i2a9,পদ্মার চরের শ্যামলা কাঁকাল,2026-01-27 11:11:01,2026-02-13 23:57:59,D:\IUT SEMESTER 7\CLIR\CLIR-News-Retrieval-System\data\raw\bangla\prothom_alo\6305dacf6bdacfdf.json
691fbe0d1b627113.json,bangla,prothom_alo,https://www.prothomalo.com/video/bangladesh/dm1m65tykf,যেসব আলোচিত প্রার্থী হেরে গেলেন এবারের সংসদ নির্বাচনে,2026-02-13 21:06:17,2026-02-13 23:54:04,D:\IUT SEMESTER 7\CLIR\CLIR-News-Retrieval-System\data\raw\bangla\prothom_alo\691fbe0d1b627113.json
6d75f6289e0e3e14.json,bangla,prothom_alo,https://www.prothomalo.com/politics/zigipz13ks,চার কারণে রুমিন ফারহানার বড় জয়,2026-02-13 21:11:57,2026-02-13 23:54:15,D:\IUT SEMESTER 7\CLIR\CLIR-News-Retrieval-System\data\raw\bangla\prothom_alo\6d75f6289e0e3e14.json
7131da7067367e3d.json,bangla,prothom_alo,https://www.prothomalo.com/bangladesh/environment/pxw11mprd6,রূপবতী অগ্নিকাঞ্চন ফুল,2026-01-28 14:33:50,2026-02-13 23:56:16,D:\IUT SEMESTER 7\CLIR\CLIR-News-Retrieval-System\data\raw\bangla\prothom_alo\7131da7067367e3d.json
71fbc0763fd68cf6.json,bangla,prothom_alo,https://www.prothomalo.com/bangladesh/environment/gryqmneozy,"সপ্তাহের প্রথম কর্মদিবসের সকালে বায়ুদূষণের শীর্ষে ঢাকা, ভয়ানক দূষণ ৪ স্থানে",2026-02-08 08:47:34,2026-02-13 23:56:23,D:\IUT SEMESTER 7\CLIR\CLIR-News-Retrieval-System\data\raw\bangla\prothom_alo\71fbc0763fd68cf6.json
80997309ad73533d.json,bangla,prothom_alo,https://www.prothomalo.com/world/grojg0fk4r,"মানুষের শোরগোলে পাখিদের জীবনযাত্রা ব্যাহত, কমছে প্রজননক্ষমতা: গবেষণা",2026-02-11 16:55:44,2026-02-13 23:59:24,D:\IUT SEMESTER 7\CLIR\CLIR-News-Retrieval-System\data\raw\bangla\prothom_alo\80997309ad73533d.json
9079e3ce5b1c4149.json,bangla,prothom_alo,https://www.prothomalo.com/bangladesh/district/ffp1tnzp2h,জামায়াত কর্মীকে পিটিয়ে জখমের অভিযোগ বিএনপির প্রার্থীর সমর্থকদের বিরুদ্ধে,2026-02-13 23:38:21,2026-02-13 23:53:59,D:\IUT SEMESTER 7\CLIR\CLIR-News-Retrieval-System\data\raw\bangla\prothom_alo\9079e3ce5b1c4149.json
97b0e55d9021b403.json,bangla,prothom_alo,https://www.prothomalo.com/bangladesh/environment/lcjpb1td1i,"বায়ুদূষণে আজও শীর্ষে ঢাকা, কী হলো রাজধানীর বাতাসে",2026-01-28 09:19:04,2026-02-13 23:57:12,D:\IUT SEMESTER 7\CLIR\CLIR-News-Retrieval-System\data\raw\bangla\prothom_alo\97b0e55d9021b403.json
986f72d4af5fff31.json,bangla,prothom_alo,https://www.prothomalo.com/video/bangladesh/yipcb6r754,এনসিপির প্রথম নির্বাচনে কে কোন আসন পেলেন,2026-02-13 19:54:27,2026-02-13 23:53:42,D:\IUT SEMESTER 7\CLIR\CLIR-News-Retrieval-System\data\raw\bangla\prothom_alo\986f72d4af5fff31.json
9d8254fccf7d10aa.json,bangla,prothom_alo,https://www.prothomalo.com/bangladesh/environment/64bl8823wa,ক্ষতিকর জেনেও পলিথিন ব্যবহার করেন ৬৩ শতাংশ মানুষ: সমীক্ষা,2026-01-27 20:12:10,2026-02-13 23:56:01,D:\IUT SEMESTER 7\CLIR\CLIR-News-Retrieval-System\data\raw\bangla\prothom_alo\9d8254fccf7d10aa.json
9ed1ef7ae8e5c79f.json,bangla,prothom_alo,https://www.prothomalo.com/politics/xed0ztj237,পরিবেশবান্ধব নির্বাচনী প্রচারের চেষ্টা আটকে যাচ্ছে প্লাস্টিকে,2026-02-08 15:22:43,2026-02-13 23:58:19,D:\IUT SEMESTER 7\CLIR\CLIR-News-Retrieval-System\data\raw\bangla\prothom_alo\9ed1ef7ae8e5c79f.json
aabebce8e9dc409e.json,bangla,prothom_alo,https://www.prothomalo.com/bangladesh/9d35nfnbyc,"ব্রহ্মপুত্র থেকে ১৪১৫টি নদ-নদী পরিদর্শন শুরু করল ‘নোঙর’, নদীসম্পদ মন্ত্রণালয় দাবি",2026-01-26 23:30:00,2026-02-13 23:56:45,D:\IUT SEMESTER 7\CLIR\CLIR-News-Retrieval-System\data\raw\bangla\prothom_alo\aabebce8e9dc409e.json
ba563596e0e6ecac.json,bangla,prothom_alo,https://www.prothomalo.com/bangladesh/environment/qjdsc6cnou,"রাজধানীসহ বিভিন্ন স্থানে ভূমিকম্প অনুভূত, উৎপত্তিস্থল মিয়ানমার",2026-02-03 22:56:01,2026-02-13 23:58:43,D:\IUT SEMESTER 7\CLIR\CLIR-News-Retrieval-System\data\raw\bangla\prothom_alo\ba563596e0e6ecac.json
bb36e51a49feb448.json,bangla,prothom_alo,https://www.prothomalo.com/bangladesh/environment/scqaquibhj,"বায়ুদূষণে আজও শীর্ষে ঢাকা, বড় দূষণের নগর দিল্লি ও লাহোরের অবস্থান কোথায়",2026-01-29 09:21:30,2026-02-13 23:55:49,D:\IUT SEMESTER 7\CLIR\CLIR-News-Retrieval-System\data\raw\bangla\prothom_alo\bb36e51a49feb448.json
befb19db0c35290f.json,bangla,prothom_alo,https://www.prothomalo.com/bangladesh/environment/m7bjk9qop5,গজনী বনের দুই উদ্ভিদ,2026-01-26 11:12:19,2026-02-13 23:58:13,D:\IUT SEMESTER 7\CLIR\CLIR-News-Retrieval-System\data\raw\bangla\prothom_alo\befb19db0c35290f.json
c769e3251090f567.json,bangla,prothom_alo,https://www.prothomalo.com/bangladesh/environment/in117jen3u,ছুটির দিনের সকালেও বায়ুদূষণে বিশ্বে দ্বিতীয় ঢাকা,2026-01-30 10:54:16,2026-02-13 23:56:51,D:\IUT SEMESTER 7\CLIR\CLIR-News-Retrieval-System\data\raw\bangla\prothom_alo\c769e3251090f567.json
cb5bb539d1f78105.json,bangla,prothom_alo,https://www.prothomalo.com/bangladesh/environment/s8bcmpc36o,তিন রঙের কর্নফ্লাওয়ার,2026-02-10 14:52:04,2026-02-13 23:56:56,D:\IUT SEMESTER 7\CLIR\CLIR-News-Retrieval-System\data\raw\bangla\prothom_alo\cb5bb539d1f78105.json
cd3c3d25ced8bac4.json,bangla,prothom_alo,https://www.prothomalo.com/bangladesh/environment/9pdvnr1q4s,"বায়ুদূষণে বিশ্বের ১০০ নগরীর মধ্যে শীর্ষে ঢাকা, ৮ স্থানে পরিস্থিতি খুব খারাপ",2026-02-02 09:00:44,2026-02-13 23:58:53,D:\IUT SEMESTER 7\CLIR\CLIR-News-Retrieval-System\data\raw\bangla\prothom_alo\cd3c3d25ced8bac4.json
d1a50c86e001a033.json,bangla,prothom_alo,https://www.prothomalo.com/bangladesh/environment/kxnzowz83f,"বায়ুদূষণ নিয়ে গবেষণা করবে ক্যাপস ও জাতীয় বিশ্ববিদ্যালয়, সমঝোতা স্মারক স্বাক্ষর",2026-02-03 21:01:07,2026-02-13 23:55:32,D:\IUT SEMESTER 7\CLIR\CLIR-News-Retrieval-System\data\raw\bangla\prothom_alo\d1a50c86e001a033.json
d1e5735850883c82.json,bangla,prothom_alo,https://www.prothomalo.com/bangladesh/8bukciiv0x,ক্ষমতা গ্রহণের পর বিএনপির অগ্রাধিকার তালিকায় কী কী থাকছে,2026-02-13 21:52:34,2026-02-13 23:54:21,D:\IUT SEMESTER 7\CLIR\CLIR-News-Retrieval-System\data\raw\bangla\prothom_alo\d1e5735850883c82.json
d745718aa64a1bb6.json,bangla,prothom_alo,https://www.prothomalo.com/video/bangladesh/oilvehet4f,পাটোয়ারী-মামুনুলের ফলাফলের প্রতিকার চাইলেন জামায়াতের আমির,2026-02-13 23:53:29,2026-02-13 23:57:54,D:\IUT SEMESTER 7\CLIR\CLIR-News-Retrieval-System\data\raw\bangla\prothom_alo\d745718aa64a1bb6.json
d75f22bc239af663.json,bangla,prothom_alo,https://www.prothomalo.com/bangladesh/environment/pdl0dx3lcj,"বাগমারায় ‘সিক্স স্টার গ্রুপের’ দুজন আটক, ওয়াকিটকি উদ্ধার",2026-01-23 12:51:47,2026-02-13 23:58:07,D:\IUT SEMESTER 7\CLIR\CLIR-News-Retrieval-System\data\raw\bangla\prothom_alo\d75f22bc239af663.json
db87f20fc3dbc02c.json,bangla,prothom_alo,https://www.prothomalo.com/bangladesh/environment/8ayt9hmp69,অপরূপ রাঙাচ্যাগার খোঁজে,2026-01-24 11:02:01,2026-02-13 23:58:25,D:\IUT SEMESTER 7\CLIR\CLIR-News-Retrieval-System\data\raw\bangla\prothom_alo\db87f20fc3dbc02c.json
dd01e0c26cbf5436.json,bangla,prothom_alo,https://www.prothomalo.com/bangladesh/environment/1donut6kbf,ভোটের দিন কোন বিভাগে আবহাওয়া কেমন থাকবে,2026-02-10 12:31:46,2026-02-13 23:55:54,D:\IUT SEMESTER 7\CLIR\CLIR-News-Retrieval-System\data\raw\bangla\prothom_alo\dd01e0c26cbf5436.json
e2e1bc16d76cf77a.json,bangla,prothom_alo,https://www.prothomalo.com/bangladesh/yo1rtdhwik,নদী রক্ষায় নদী কমিশনকে মন্ত্রণালয়ের প্রভাবমুক্ত রাখার তাগিদ,2026-02-10 15:16:08,2026-02-13 23:59:36,D:\IUT SEMESTER 7\CLIR\CLIR-News-Retrieval-System\data\raw\bangla\prothom_alo\e2e1bc16d76cf77a.json
e72ca114f66c17b3.json,bangla,prothom_alo,https://www.prothomalo.com/bangladesh/environment/xfc0r6tmks,"ঢাকার ৪ স্থানে মাত্রাতিরিক্ত বায়ুদূষণ, রাজধানীজুড়ে ‘খুব অস্বাস্থ্যকর’ বায়ু",2026-01-21 09:50:40,2026-02-13 23:57:19,D:\IUT SEMESTER 7\CLIR\CLIR-News-Retrieval-System\data\raw\bangla\prothom_alo\e72ca114f66c17b3.json
f655ef0b5ceea2d8.json,bangla,prothom_alo,https://www.prothomalo.com/bangladesh/district/tmg8k3tkz5,"সুন্দরবনের অভয়ারণ্যে অভিযানে তিন জেলে আটক, হরিণের মাংস জব্দ",2026-01-22 18:22:40,2026-02-13 23:57:05,D:\IUT SEMESTER 7\CLIR\CLIR-News-Retrieval-System\data\raw\bangla\prothom_alo\f655ef0b5ceea2d8.json
337633_b5eec33a.json,bangla,samakal,https://samakal.com/economics/article/337633/%E0%A6%B0%E0%A6%AE%E0%A6%9C%E0%A6%BE%E0%A6%A8%E0%A7%87-%E0%A6%AC%E0%A7%8D%E0%A6%AF%E0%A6%BE%E0%A6%82%E0%A6%95-%E0%A6%B2%E0%A7%87%E0%A6%A8%E0%A6%A6%E0%A7%87%E0%A6%A8-%E0%A6%A6%E0%A7%81%E0%A6%AA%E0%A7%81%E0%A6%B0-%E0%A6%86%E0%A7%9C%E0%A6%BE%E0%A6%87%E0%A6%9F%E0%A6%BE-%E0%A6%AA%E0%A6%B0%E0%A7%8D%E0%A6%AF%E0%A6%A8%E0%A7%8D%E0%A6%A4,রমজানে ব্যাংক লেনদেন দুপুর আড়াইটা পর্যন্ত,,2026-02-14 00:27:08,D:\IUT SEMESTER 7\CLIR\CLIR-News-Retrieval-System\data\raw\bangla\samakal\337633_b5eec33a.json
337702_fef49b59.json,bangla,samakal,https://samakal.com/economics/article/337702/%E0%A6%B0%E0%A6%AA%E0%A7%8D%E0%A6%A4%E0%A6%BE%E0%A6%A8%E0%A6%BF%E0%A6%B0-%E0%A6%95%E0%A7%8D%E0%A6%B7%E0%A6%A4%E0%A6%BF-%E0%A6%8F%E0%A7%9C%E0%A6%BE%E0%A6%A4%E0%A7%87-%E0%A6%A8%E0%A6%BE%E0%A6%A8%E0%A6%BE-%E0%A6%B6%E0%A6%B0%E0%A7%8D%E0%A6%A4%E0%A7%87%E0%A6%B0-%E0%A6%AC%E0%A7%87%E0%A7%9C%E0%A6%BE%E0%A6%9C%E0%A6%BE%E0%A6%B2%E0%A7%87-%E0%A6%A6%E0%A7%87%E0%A6%B6,রপ্তানির ক্ষতি এড়াতে নানা শর্তের বেড়াজালে দেশ,,2026-02-14 00:26:59,D:\IUT SEMESTER 7\CLIR\CLIR-News-Retrieval-System\data\raw\bangla\samakal\337702_fef49b59.json
337723_34d3323c.json,bangla,samakal,https://samakal.com/economics/article/337723/%E0%A6%B6%E0%A7%87%E0%A7%9F%E0%A6%BE%E0%A6%B0%E0%A6%AC%E0%A6%BE%E0%A6%9C%E0%A6%BE%E0%A6%B0-%E0%A6%B8%E0%A7%82%E0%A6%9A%E0%A6%95%E0%A7%87-%E0%A6%86%E0%A6%B0%E0%A6%93-%E0%A6%AC%E0%A7%9C-%E0%A6%89%E0%A6%A4%E0%A7%8D%E0%A6%A5%E0%A6%BE%E0%A6%A8,শেয়ারবাজার সূচকে আরও বড় উত্থান,,2026-02-14 00:27:04,D:\IUT SEMESTER 7\CLIR\CLIR-News-Retrieval-System\data\raw\bangla\samakal\337723_34d3323c.json
337929_6c6c8931.json,bangla,samakal,https://samakal.com/economics/article/337929/%E0%A6%A2%E0%A6%BE%E0%A6%95%E0%A6%BE%E0%A7%9F-%E0%A6%AA%E0%A6%BE%E0%A6%A8%E0%A6%BF%E0%A6%A6%E0%A7%82%E0%A6%B7%E0%A6%A3-%E0%A6%95%E0%A6%AE%E0%A6%BE%E0%A6%A4%E0%A7%87-%E0%A7%A9%E0%A7%AD-%E0%A6%95%E0%A7%8B%E0%A6%9F%E0%A6%BF-%E0%A6%A1%E0%A6%B2%E0%A6%BE%E0%A6%B0-%E0%A6%8B%E0%A6%A3-%E0%A6%A6%E0%A6%BF%E0%A6%9A%E0%A7%8D%E0%A6%9B%E0%A7%87-%E0%A6%AC%E0%A6%BF%E0%A6%B6%E0%A7%8D%E0%A6%AC%E0%A6%AC%E0%A7%8D%E0%A6%AF%E0%A6%BE%E0%A6%82%E0%A6%95,ঢাকায় পানিদূষণ কমাতে ৩৭ কোটি ডলার ঋণ দিচ্ছে বিশ্বব্যাংক,,2026-02-14 00:26:55,D:\IUT SEMESTER 7\CLIR\CLIR-News-Retrieval-System\data\raw\bangla\samakal\337929_6c6c8931.json
338279_b88148d5.json,bangla,samakal,https://samakal.com/politics/article/338279/%E0%A6%AA%E0%A7%8D%E0%A6%B0%E0%A6%A7%E0%A6%BE%E0%A6%A8%E0%A6%AE%E0%A6%A8%E0%A7%8D%E0%A6%A4%E0%A7%8D%E0%A6%B0%E0%A7%80-%E0%A6%B9%E0%A6%9A%E0%A7%8D%E0%A6%9B%E0%A7%87%E0%A6%A8-%E0%A6%A4%E0%A6%BE%E0%A6%B0%E0%A7%87%E0%A6%95-%E0%A6%B0%E0%A6%B9%E0%A6%AE%E0%A6%BE%E0%A6%A8,প্রধানমন্ত্রী হচ্ছেন তারেক রহমান,,2026-02-14 00:25:57,D:\IUT SEMESTER 7\CLIR\CLIR-News-Retrieval-System\data\raw\bangla\samakal\338279_b88148d5.json
338280_3e964f6e.json,bangla,samakal,https://samakal.com/politics/article/338280/%E0%A6%95%E0%A7%8B%E0%A6%A8-%E0%A6%A8%E0%A7%87%E0%A6%A4%E0%A6%BE-%E0%A6%95%E0%A7%80-%E0%A6%AC%E0%A6%B2%E0%A6%B2%E0%A7%87%E0%A6%A8,কোন নেতা কী বললেন,,2026-02-14 00:25:39,D:\IUT SEMESTER 7\CLIR\CLIR-News-Retrieval-System\data\raw\bangla\samakal\338280_3e964f6e.json
338285_e21a7a07.json,bangla,samakal,https://samakal.com/politics/article/338285/%E0%A6%95%E0%A7%9F%E0%A7%87%E0%A6%95%E0%A6%9F%E0%A6%BF-%E0%A6%95%E0%A7%87%E0%A6%A8%E0%A7%8D%E0%A6%A6%E0%A7%8D%E0%A6%B0%E0%A7%87-%E0%A6%89%E0%A6%A4%E0%A7%8D%E0%A6%A4%E0%A7%87%E0%A6%9C%E0%A6%A8%E0%A6%BE-%E0%A6%AA%E0%A7%8D%E0%A6%B0%E0%A6%AD%E0%A6%BE%E0%A6%AC-%E0%A6%AA%E0%A7%9C%E0%A7%87%E0%A6%A8%E0%A6%BF-%E0%A6%AD%E0%A7%8B%E0%A6%9F%E0%A7%87,কয়েকটি কেন্দ্রে উত্তেজনা প্রভাব পড়েনি ভোটে,,2026-02-14 00:25:34,D:\IUT SEMESTER 7\CLIR\CLIR-News-Retrieval-System\data\raw\bangla\samakal\338285_e21a7a07.json
338298_2b75c7f0.json,bangla,samakal,https://samakal.com/politics/article/338298/%E0%A6%AC%E0%A7%8D%E0%A6%AF%E0%A6%BE%E0%A6%B2%E0%A6%9F%E0%A7%87-%E0%A6%B8%E0%A6%BF%E0%A6%B2-%E0%A6%9C%E0%A6%BE%E0%A6%B2-%E0%A6%AD%E0%A7%8B%E0%A6%9F-%E0%A6%95%E0%A7%9F%E0%A7%87%E0%A6%95%E0%A6%9C%E0%A6%A8%E0%A7%87%E0%A6%B0-%E0%A6%AC%E0%A6%BF%E0%A6%B0%E0%A7%81%E0%A6%A6%E0%A7%8D%E0%A6%A7%E0%A7%87-%E0%A6%AC%E0%A7%8D%E0%A6%AF%E0%A6%AC%E0%A6%B8%E0%A7%8D%E0%A6%A5%E0%A6%BE,"ব্যালটে সিল, জাল ভোট, কয়েকজনের বিরুদ্ধে ব্যবস্থা",,2026-02-14 00:25:30,D:\IUT SEMESTER 7\CLIR\CLIR-News-Retrieval-System\data\raw\bangla\samakal\338298_2b75c7f0.json
338299_966e96ab.json,bangla,samakal,https://samakal.com/politics/article/338299/%E0%A6%9C%E0%A6%BE%E0%A6%AE%E0%A6%BE%E0%A7%9F%E0%A6%BE%E0%A6%A4%E0%A7%87%E0%A6%B0-%E0%A6%86%E0%A6%AE%E0%A6%BF%E0%A6%B0-%E0%A6%B6%E0%A6%AB%E0%A6%BF%E0%A6%95%E0%A7%81%E0%A6%B0-%E0%A6%B0%E0%A6%B9%E0%A6%AE%E0%A6%BE%E0%A6%A8%E0%A6%95%E0%A7%87-%E0%A6%AC%E0%A6%BF%E0%A6%9C%E0%A7%9F%E0%A7%80-%E0%A6%98%E0%A7%8B%E0%A6%B7%E0%A6%A3%E0%A6%BE,জামায়াতের আমির শফিকুর রহমানকে বিজয়ী ঘোষণা,,2026-02-14 00:26:08,D:\IUT SEMESTER 7\CLIR\CLIR-News-Retrieval-System\data\raw\bangla\samakal\338299_966e96ab.json
338303_bd4fc8a9.json,bangla,samakal,https://samakal.com/politics/article/338303/%E0%A6%A4%E0%A6%BE%E0%A6%B0%E0%A7%87%E0%A6%95-%E0%A6%B0%E0%A6%B9%E0%A6%AE%E0%A6%BE%E0%A6%A8%E0%A6%95%E0%A7%87-%E0%A6%AC%E0%A6%BF%E0%A6%9C%E0%A6%AF%E0%A6%BC%E0%A7%87%E0%A6%B0-%E0%A6%B6%E0%A7%81%E0%A6%AD%E0%A7%87%E0%A6%9A%E0%A7%8D%E0%A6%9B%E0%A6%BE-%E0%A6%AE%E0%A6%BE%E0%A6%B0%E0%A7%8D%E0%A6%95%E0%A6%BF%E0%A6%A8-%E0%A6%A6%E0%A7%82%E0%A6%A4%E0%A6%BE%E0%A6%AC%E0%A6%BE%E0%A6%B8%E0%A7%87%E0%A6%B0,তারেক রহমানকে বিজয়ের শুভেচ্ছা মার্কিন দূতাবাসের,,2026-02-14 00:26:03,D:\IUT SEMESTER 7\CLIR\CLIR-News-Retrieval-System\data\raw\bangla\samakal\338303_bd4fc8a9.json
338304_5209f159.json,bangla,samakal,https://samakal.com/politics/article/338304/%E0%A6%A4%E0%A6%BE%E0%A6%B0%E0%A7%87%E0%A6%95-%E0%A6%B0%E0%A6%B9%E0%A6%AE%E0%A6%BE%E0%A6%A8%E0%A6%95%E0%A7%87-%E0%A6%85%E0%A6%AD%E0%A6%BF%E0%A6%A8%E0%A6%A8%E0%A7%8D%E0%A6%A6%E0%A6%A8-%E0%A6%9C%E0%A6%BE%E0%A6%A8%E0%A6%BE%E0%A6%B2%E0%A7%87%E0%A6%A8-%E0%A6%A8%E0%A6%B0%E0%A7%87%E0%A6%A8%E0%A7%8D%E0%A6%A6%E0%A7%8D%E0%A6%B0-%E0%A6%AE%E0%A7%8B%E0%A6%A6%E0%A6%BF,তারেক রহমানকে অভিনন্দন জানালেন নরেন্দ্র মোদি,,2026-02-14 00:25:25,D:\IUT SEMESTER 7\CLIR\CLIR-News-Retrieval-System\data\raw\bangla\samakal\338304_5209f159.json
338307_e8bc5853.json,bangla,samakal,https://samakal.com/bangladesh/article/338307/%E0%A6%A4%E0%A6%BE%E0%A6%B0%E0%A7%87%E0%A6%95-%E0%A6%B0%E0%A6%B9%E0%A6%AE%E0%A6%BE%E0%A6%A8%E0%A6%95%E0%A7%87-%E0%A6%AA%E0%A6%BE%E0%A6%95%E0%A6%BF%E0%A6%B8%E0%A7%8D%E0%A6%A4%E0%A6%BE%E0%A6%A8%E0%A7%87%E0%A6%B0-%E0%A6%AA%E0%A7%8D%E0%A6%B0%E0%A7%87%E0%A6%B8%E0%A6%BF%E0%A6%A1%E0%A7%87%E0%A6%A8%E0%A7%8D%E0%A6%9F-%E0%A6%AA%E0%A7%8D%E0%A6%B0%E0%A6%A7%E0%A6%BE%E0%A6%A8%E0%A6%AE%E0%A6%A8%E0%A7%8D%E0%A6%A4%E0%A7%8D%E0%A6%B0%E0%A7%80%E0%A6%B0-%E0%A6%85%E0%A6%AD%E0%A6%BF%E0%A6%A8%E0%A6%A8%E0%A7%8D%E0%A6%A6%E0%A6%A8,"তারেক রহমানকে পাকিস্তানের প্রেসিডেন্ট, প্রধানমন্ত্রীর অভিনন্দন",,2026-02-14 00:23:46,D:\IUT SEMESTER 7\CLIR\CLIR-News-Retrieval-System\data\raw\bangla\samakal\338307_e8bc5853.json
338310_a3325c79.json,bangla,samakal,https://samakal.com/bangladesh/article/338310/%E0%A6%AC%E0%A6%BE%E0%A6%82%E0%A6%B2%E0%A6%BE%E0%A6%A6%E0%A7%87%E0%A6%B6%E0%A7%87%E0%A6%B0-%E0%A6%B8%E0%A6%99%E0%A7%8D%E0%A6%97%E0%A7%87-%E0%A6%B8%E0%A6%AE%E0%A7%8D%E0%A6%AA%E0%A6%B0%E0%A7%8D%E0%A6%95%E0%A7%87%E0%A6%B0-%E0%A6%A8%E0%A6%A4%E0%A7%81%E0%A6%A8-%E0%A6%85%E0%A6%A7%E0%A7%8D%E0%A6%AF%E0%A6%BE%E0%A7%9F-%E0%A6%B0%E0%A6%9A%E0%A6%A8%E0%A6%BE%E0%A6%B0-%E0%A6%86%E0%A6%B6%E0%A6%BE-%E0%A6%9A%E0%A7%80%E0%A6%A8%E0%A7%87%E0%A6%B0,বাংলাদেশের সঙ্গে সম্পর্কের নতুন অধ্যায় রচনার আশা চীনের,,2026-02-14 00:23:42,D:\IUT SEMESTER 7\CLIR\CLIR-News-Retrieval-System\data\raw\bangla\samakal\338310_a3325c79.json
338315_d7a1eebd.json,bangla,samakal,https://samakal.com/politics/article/338315/%E0%A6%B8%E0%A6%B0%E0%A6%95%E0%A6%BE%E0%A6%B0-%E0%A6%97%E0%A6%A0%E0%A6%A8%E0%A7%87%E0%A6%B0-%E0%A6%95%E0%A7%8D%E0%A6%B7%E0%A7%87%E0%A6%A4%E0%A7%8D%E0%A6%B0%E0%A7%87-%E0%A6%95%E0%A6%BE%E0%A6%B0%E0%A7%8B-%E0%A6%B8%E0%A6%99%E0%A7%8D%E0%A6%97%E0%A7%87-%E0%A6%9C%E0%A7%8B%E0%A6%9F-%E0%A6%95%E0%A6%B0%E0%A6%BE%E0%A6%B0-%E0%A6%AA%E0%A7%8D%E0%A6%B0%E0%A6%B6%E0%A7%8D%E0%A6%A8%E0%A6%87-%E0%A6%86%E0%A6%B8%E0%A7%87-%E0%A6%A8%E0%A6%BE:-%E0%A6%B8%E0%A6%BE%E0%A6%B2%E0%A6%BE%E0%A6%B9%E0%A6%89%E0%A6%A6%E0%A7%8D%E0%A6%A6%E0%A6%BF%E0%A6%A8-%E0%A6%86%E0%A6%B9%E0%A6%AE%E0%A6%A6,সরকার গঠনের ক্ষেত্রে কারো সঙ্গে জোট করার প্রশ্নই আসে না: সালাহউদ্দিন আহমদ,,2026-02-14 00:25:53,D:\IUT SEMESTER 7\CLIR\CLIR-News-Retrieval-System\data\raw\bangla\samakal\338315_d7a1eebd.json
338317_cdba025b.json,bangla,samakal,https://samakal.com/bangladesh/article/338317/%E0%A6%B8%E0%A6%BE%E0%A6%B0%E0%A6%BE%E0%A6%A6%E0%A7%87%E0%A6%B6%E0%A7%87-%E0%A6%AD%E0%A7%8B%E0%A6%9F-%E0%A6%AA%E0%A7%9C%E0%A7%87%E0%A6%9B%E0%A7%87-%E0%A7%AB%E0%A7%AF-%E0%A7%AA%E0%A7%AA-%E0%A6%B6%E0%A6%A4%E0%A6%BE%E0%A6%82%E0%A6%B6:-%E0%A6%87%E0%A6%B8%E0%A6%BF,সারাদেশে ভোট পড়েছে ৫৯.৪৪ শতাংশ: ইসি,,2026-02-14 00:24:23,D:\IUT SEMESTER 7\CLIR\CLIR-News-Retrieval-System\data\raw\bangla\samakal\338317_cdba025b.json
338319_ce89a271.json,bangla,samakal,https://samakal.com/bangladesh/article/338319/%E0%A6%9C%E0%A6%BF%E0%A6%A4%E0%A7%87%E0%A6%9B%E0%A7%87-%E2%80%98%E0%A6%B9%E0%A7%8D%E0%A6%AF%E0%A6%BE%E0%A6%81%E2%80%99-%E0%A6%97%E0%A6%A3%E0%A6%AD%E0%A7%8B%E0%A6%9F-%E0%A7%AC%E0%A7%A6-%E0%A7%A8%E0%A7%AC-%E0%A6%B6%E0%A6%A4%E0%A6%BE%E0%A6%82%E0%A6%B6,"জিতেছে ‘হ্যাঁ’, গণভোট ৬০.২৬ শতাংশ",,2026-02-14 00:23:31,D:\IUT SEMESTER 7\CLIR\CLIR-News-Retrieval-System\data\raw\bangla\samakal\338319_ce89a271.json
338322_fdd0a07c.json,bangla,samakal,https://samakal.com/bangladesh/article/338322/%E0%A6%A4%E0%A6%BE%E0%A6%B0%E0%A7%87%E0%A6%95-%E0%A6%B0%E0%A6%B9%E0%A6%AE%E0%A6%BE%E0%A6%A8%E0%A6%95%E0%A7%87-%E0%A6%85%E0%A6%AD%E0%A6%BF%E0%A6%A8%E0%A6%A8%E0%A7%8D%E0%A6%A6%E0%A6%A8-%E0%A6%9C%E0%A6%BE%E0%A6%A8%E0%A6%BE%E0%A6%B2%E0%A7%87%E0%A6%A8-%E0%A6%AE%E0%A6%AE%E0%A6%A4%E0%A6%BE-%E0%A6%AC%E0%A6%A8%E0%A7%8D%E0%A6%A6%E0%A7%8D%E0%A6%AF%E0%A7%8B%E0%A6%AA%E0%A6%BE%E0%A6%A7%E0%A7%8D%E0%A6%AF%E0%A6%BE%E0%A6%AF%E0%A6%BC,তারেক রহমানকে অভিনন্দন জানালেন মমতা বন্দ্যোপাধ্যায়,,2026-02-14 00:24:42,D:\IUT SEMESTER 7\CLIR\CLIR-News-Retrieval-System\data\raw\bangla\samakal\338322_fdd0a07c.json
338323_8e88b188.json,bangla,samakal,https://samakal.com/bangladesh/article/338323/%E0%A6%9C%E0%A6%BE%E0%A6%AE%E0%A6%BE%E0%A7%9F%E0%A6%BE%E0%A6%A4%E0%A7%87%E0%A6%B0-%E0%A6%95%E0%A6%BE%E0%A6%9B%E0%A7%87-%E0%A6%AC%E0%A6%BF%E0%A6%A6%E0%A7%8D%E0%A6%B0%E0%A7%8B%E0%A6%B9%E0%A7%80%E0%A6%A6%E0%A7%87%E0%A6%B0-%E0%A7%A8%E0%A7%A7-%E0%A6%86%E0%A6%B8%E0%A6%A8-%E0%A6%B9%E0%A6%BE%E0%A6%B0%E0%A6%BF%E0%A7%9F%E0%A7%87%E0%A6%9B%E0%A7%87-%E0%A6%AC%E0%A6%BF%E0%A6%8F%E0%A6%A8%E0%A6%AA%E0%A6%BF,জামায়াতের কাছে বিদ্রোহীদের ২১ আসন হারিয়েছে বিএনপি,,2026-02-14 00:23:51,D:\IUT SEMESTER 7\CLIR\CLIR-News-Retrieval-System\data\raw\bangla\samakal\338323_8e88b188.json
338325_b5271e2d.json,bangla,samakal,https://samakal.com/politics/article/338325/%E0%A7%A8%E0%A7%AF%E0%A7%AD-%E0%A6%86%E0%A6%B8%E0%A6%A8%E0%A7%87%E0%A6%B0-%E0%A6%86%E0%A6%A8%E0%A7%81%E0%A6%B7%E0%A7%8D%E0%A6%A0%E0%A6%BE%E0%A6%A8%E0%A6%BF%E0%A6%95-%E0%A6%AB%E0%A6%B2-%E0%A6%98%E0%A7%8B%E0%A6%B7%E0%A6%A3%E0%A6%BE-%E0%A6%95%E0%A7%8B%E0%A6%A8-%E0%A6%A6%E0%A6%B2-%E0%A6%95%E0%A6%A4-%E0%A6%86%E0%A6%B8%E0%A6%A8-%E0%A6%AA%E0%A7%87%E0%A6%B2,"২৯৭ আসনের আনুষ্ঠানিক ফল ঘোষণা, কোন দল কত আসন পেল",,2026-02-14 00:25:44,D:\IUT SEMESTER 7\CLIR\CLIR-News-Retrieval-System\data\raw\bangla\samakal\338325_b5271e2d.json
338326_ca40313b.json,bangla,samakal,https://samakal.com/bangladesh/article/338326/%E0%A6%A4%E0%A6%BE%E0%A6%B0%E0%A7%87%E0%A6%95-%E0%A6%B0%E0%A6%B9%E0%A6%AE%E0%A6%BE%E0%A6%A8%E0%A6%95%E0%A7%87-%E0%A6%A8%E0%A6%B0%E0%A7%87%E0%A6%A8%E0%A7%8D%E0%A6%A6%E0%A7%8D%E0%A6%B0-%E0%A6%AE%E0%A7%8B%E0%A6%A6%E0%A6%BF%E0%A6%B0-%E0%A6%AB%E0%A7%8B%E0%A6%A8-%E0%A6%AC%E0%A6%B2%E0%A6%B2%E0%A7%87%E0%A6%A8-%E2%80%98%E0%A6%85%E0%A6%B8%E0%A6%BE%E0%A6%A7%E0%A6%BE%E0%A6%B0%E0%A6%A3-%E0%A6%9C%E0%A7%9F%E2%80%99,"তারেক রহমানকে নরেন্দ্র মোদির ফোন, বললেন ‘অসাধারণ জয়’",,2026-02-14 00:24:18,D:\IUT SEMESTER 7\CLIR\CLIR-News-Retrieval-System\data\raw\bangla\samakal\338326_ca40313b.json
338330_bc521eda.json,bangla,samakal,https://samakal.com/politics/article/338330/%E0%A6%A8%E0%A6%BF%E0%A6%B0%E0%A6%99%E0%A7%8D%E0%A6%95%E0%A7%81%E0%A6%B6-%E0%A6%AC%E0%A6%BF%E0%A6%9C%E0%A7%9F%E0%A6%95%E0%A7%87-%E0%A6%97%E0%A6%A3%E0%A6%A4%E0%A6%A8%E0%A7%8D%E0%A6%A4%E0%A7%8D%E0%A6%B0%E0%A7%87%E0%A6%B0-%E0%A6%AC%E0%A6%BF%E0%A6%9C%E0%A7%9F-%E0%A6%AC%E0%A6%B2%E0%A7%87%E0%A6%9B%E0%A7%87-%E0%A6%AC%E0%A6%BF%E0%A6%8F%E0%A6%A8%E0%A6%AA%E0%A6%BF,নিরঙ্কুশ বিজয়কে গণতন্ত্রের বিজয় বলেছে বিএনপি,,2026-02-14 00:25:49,D:\IUT SEMESTER 7\CLIR\CLIR-News-Retrieval-System\data\raw\bangla\samakal\338330_bc521eda.json
338338_d44f2bf5.json,bangla,samakal,https://samakal.com/bangladesh/article/338338/%E2%80%98%E0%A6%B9%E0%A7%8D%E0%A6%AF%E0%A6%BE%E0%A6%81%E2%80%99-%E0%A6%9C%E0%A7%87%E0%A6%A4%E0%A6%BE%E0%A7%9F-%E0%A6%95%E0%A7%80-%E0%A6%95%E0%A7%80-%E0%A6%B8%E0%A6%82%E0%A6%B8%E0%A7%8D%E0%A6%95%E0%A6%BE%E0%A6%B0-%E0%A6%B9%E0%A6%AC%E0%A7%87-%E0%A6%AC%E0%A6%BF%E0%A6%9C%E0%A7%9F%E0%A7%80%E0%A6%B0%E0%A6%BE-%E0%A6%95%E0%A6%A4%E0%A6%9F%E0%A6%BE-%E0%A6%AC%E0%A6%BE%E0%A6%A7%E0%A7%8D%E0%A6%AF,"‘হ্যাঁ’ জেতায় কী কী সংস্কার হবে, বিজয়ীরা কতটা বাধ্য",,2026-02-14 00:23:36,D:\IUT SEMESTER 7\CLIR\CLIR-News-Retrieval-System\data\raw\bangla\samakal\338338_d44f2bf5.json
338340_bda6ec22.json,bangla,samakal,https://samakal.com/bangladesh/article/338340/%E0%A6%A8%E0%A6%BF%E0%A6%B0%E0%A7%8D%E0%A6%AC%E0%A6%BE%E0%A6%9A%E0%A6%A8%E0%A7%87-%E0%A6%9C%E0%A6%BF%E0%A6%A4%E0%A6%B2%E0%A7%87%E0%A6%A8-%E0%A7%AD-%E0%A6%B8%E0%A7%8D%E0%A6%AC%E0%A6%A4%E0%A6%A8%E0%A7%8D%E0%A6%A4%E0%A7%8D%E0%A6%B0-%E0%A6%AA%E0%A7%8D%E0%A6%B0%E0%A6%BE%E0%A6%B0%E0%A7%8D%E0%A6%A5%E0%A7%80-%E0%A6%95%E0%A7%87-%E0%A6%95%E0%A7%8B%E0%A6%A8-%E0%A6%86%E0%A6%B8%E0%A6%A8-%E0%A6%A5%E0%A7%87%E0%A6%95%E0%A7%87,"নির্বাচনে জিতলেন ৭ স্বতন্ত্র প্রার্থী, কে কোন আসন থেকে",,2026-02-14 00:23:56,D:\IUT SEMESTER 7\CLIR\CLIR-News-Retrieval-System\data\raw\bangla\samakal\338340_bda6ec22.json
338342_f3f3568a.json,bangla,samakal,https://samakal.com/bangladesh/article/338342/%E0%A6%AC%E0%A6%BF%E0%A6%AD%E0%A6%BE%E0%A6%97%E0%A6%9C%E0%A7%81%E0%A7%9C%E0%A7%87-%E0%A6%AD%E0%A7%8B%E0%A6%9F-%E0%A6%89%E0%A7%8E%E0%A6%B8%E0%A6%AC-%E0%A6%97%E0%A6%A3%E0%A6%AD%E0%A7%8B%E0%A6%9F%E0%A7%87-%E0%A6%B9%E0%A6%BF%E0%A6%AE%E0%A6%B6%E0%A6%BF%E0%A6%AE-%C2%A0,"বিভাগজুড়ে ভোট উৎসব, গণভোটে হিমশিম",,2026-02-14 00:24:02,D:\IUT SEMESTER 7\CLIR\CLIR-News-Retrieval-System\data\raw\bangla\samakal\338342_f3f3568a.json
338358_0b4f4bf6.json,bangla,samakal,https://samakal.com/bangladesh/article/338358/%E0%A6%95%E0%A6%AC%E0%A7%87-%E0%A6%97%E0%A7%87%E0%A6%9C%E0%A7%87%E0%A6%9F-%E0%A6%A8%E0%A6%A4%E0%A7%81%E0%A6%A8-%E0%A6%B8%E0%A6%B0%E0%A6%95%E0%A6%BE%E0%A6%B0%E0%A6%95%E0%A7%87-%E0%A6%B6%E0%A6%AA%E0%A6%A5-%E0%A6%AA%E0%A7%9C%E0%A6%BE%E0%A6%AC%E0%A7%87%E0%A6%A8-%E0%A6%95%E0%A7%87,"কবে গেজেট, নতুন সরকারকে শপথ পড়াবেন কে",,2026-02-14 00:24:07,D:\IUT SEMESTER 7\CLIR\CLIR-News-Retrieval-System\data\raw\bangla\samakal\338358_0b4f4bf6.json
338365_f441b0db.json,bangla,samakal,https://samakal.com/bangladesh/article/338365/%E0%A6%A2%E0%A6%BE%E0%A6%95%E0%A6%BE%E0%A6%B0-%E0%A7%A8%E0%A7%A6-%E0%A6%86%E0%A6%B8%E0%A6%A8%E0%A7%87-%E0%A6%AF%E0%A6%BE%E0%A6%B0%E0%A6%BE-%E0%A6%9C%E0%A6%BF%E0%A6%A4%E0%A6%B2%E0%A7%87%E0%A6%A8,ঢাকার ২০ আসনে যারা জিতলেন,,2026-02-14 00:24:28,D:\IUT SEMESTER 7\CLIR\CLIR-News-Retrieval-System\data\raw\bangla\samakal\338365_f441b0db.json
338369_2398c29a.json,bangla,samakal,https://samakal.com/bangladesh/article/338369/%E0%A6%9C%E0%A7%9F%E0%A7%80-%E0%A6%B8%E0%A6%BE%E0%A6%A4-%E0%A6%A8%E0%A6%BE%E0%A6%B0%E0%A7%80%E0%A6%B0-%E0%A7%AC-%E0%A6%9C%E0%A6%A8-%E0%A6%AC%E0%A6%BF%E0%A6%8F%E0%A6%A8%E0%A6%AA%E0%A6%BF%E0%A6%B0-%E0%A6%8F%E0%A6%95%E0%A6%9C%E0%A6%A8-%E0%A6%B8%E0%A7%8D%E0%A6%AC%E0%A6%A4%E0%A6%A8%E0%A7%8D%E0%A6%A4%E0%A7%8D%E0%A6%B0,"জয়ী সাত নারীর ৬ জন বিএনপির, একজন স্বতন্ত্র",,2026-02-14 00:24:37,D:\IUT SEMESTER 7\CLIR\CLIR-News-Retrieval-System\data\raw\bangla\samakal\338369_2398c29a.json
338381_55c1990f.json,bangla,samakal,https://samakal.com/bangladesh/article/338381/%E0%A6%A4%E0%A6%BE%E0%A6%B0%E0%A7%87%E0%A6%95-%E0%A6%B0%E0%A6%B9%E0%A6%AE%E0%A6%BE%E0%A6%A8%E0%A7%87%E0%A6%B0-%E0%A6%B8%E0%A6%BE%E0%A6%AE%E0%A6%A8%E0%A7%87-%E0%A6%85%E0%A6%B0%E0%A7%8D%E0%A6%A5%E0%A6%A8%E0%A7%80%E0%A6%A4%E0%A6%BF-%E0%A6%95%E0%A7%82%E0%A6%9F%E0%A6%A8%E0%A7%80%E0%A6%A4%E0%A6%BF%E0%A6%B8%E0%A6%B9-%E0%A7%AB-%E0%A6%9A%E0%A7%8D%E0%A6%AF%E0%A6%BE%E0%A6%B2%E0%A7%87%E0%A6%9E%E0%A7%8D%E0%A6%9C,"তারেক রহমানের সামনে অর্থনীতি, কূটনীতিসহ ৫ চ্যালেঞ্জ",,2026-02-14 00:24:32,D:\IUT SEMESTER 7\CLIR\CLIR-News-Retrieval-System\data\raw\bangla\samakal\338381_55c1990f.json
338385_398fc349.json,bangla,samakal,https://samakal.com/bangladesh/article/338385/%E0%A6%B8%E0%A7%8D%E0%A6%AC%E0%A6%BE%E0%A6%B8%E0%A7%8D%E0%A6%A5%E0%A7%8D%E0%A6%AF%E0%A6%96%E0%A6%BE%E0%A6%A4-%E0%A6%B8%E0%A6%82%E0%A6%B8%E0%A7%8D%E0%A6%95%E0%A6%BE%E0%A6%B0%E0%A7%87%E0%A6%B0-%E0%A6%AA%E0%A7%8D%E0%A6%B0%E0%A6%A4%E0%A7%8D%E0%A6%AF%E0%A6%BE%E0%A6%B6%E0%A6%BE-%E0%A6%87%E0%A6%B6%E0%A6%A4%E0%A7%87%E0%A6%B9%E0%A6%BE%E0%A6%B0-%E0%A6%AC%E0%A6%BE%E0%A6%B8%E0%A7%8D%E0%A6%A4%E0%A6%AC%E0%A6%BE%E0%A7%9F%E0%A6%A8%E0%A7%87%E0%A6%B0-%E0%A6%86%E0%A6%B9%E0%A7%8D%E0%A6%AC%E0%A6%BE%E0%A6%A8-%E0%A6%A1%E0%A7%8D%E0%A6%AF%E0%A6%BE%E0%A6%AC%E0%A7%87%E0%A6%B0,"স্বাস্থ্যখাত সংস্কারের প্রত্যাশা, ইশতেহার বাস্তবায়নের আহ্বান ড্যাবের",,2026-02-14 00:24:13,D:\IUT SEMESTER 7\CLIR\CLIR-News-Retrieval-System\data\raw\bangla\samakal\338385_398fc349.json
338399_81c44204.json,bangla,samakal,https://samakal.com/economics/article/338399/%E0%A6%B0%E0%A7%8B%E0%A6%9C%E0%A6%BE%E0%A6%B0-%E0%A6%86%E0%A6%97%E0%A7%87-%E0%A6%85%E0%A6%B8%E0%A7%8D%E0%A6%AC%E0%A6%BE%E0%A6%AD%E0%A6%BE%E0%A6%AC%E0%A6%BF%E0%A6%95%E0%A6%AD%E0%A6%BE%E0%A6%AC%E0%A7%87-%E0%A6%AC%E0%A7%87%E0%A7%9C%E0%A7%87%E0%A6%9B%E0%A7%87-%E0%A6%B2%E0%A7%87%E0%A6%AC%E0%A7%81%E0%A6%B0-%E0%A6%A6%E0%A6%BE%E0%A6%AE,রোজার আগে অস্বাভাবিকভাবে বেড়েছে লেবুর দাম,,2026-02-14 00:26:50,D:\IUT SEMESTER 7\CLIR\CLIR-News-Retrieval-System\data\raw\bangla\samakal\338399_81c44204.json
338402_98477ab4.json,bangla,samakal,https://samakal.com/international/article/338402/%E0%A6%AE%E0%A6%A7%E0%A7%8D%E0%A6%AF%E0%A6%AA%E0%A7%8D%E0%A6%B0%E0%A6%BE%E0%A6%9A%E0%A7%8D%E0%A6%AF%E0%A7%87-%E0%A6%AE%E0%A7%8B%E0%A6%A4%E0%A6%BE%E0%A7%9F%E0%A7%87%E0%A6%A8%E0%A7%87-%E0%A6%AA%E0%A7%8D%E0%A6%B0%E0%A6%B8%E0%A7%8D%E0%A6%A4%E0%A7%81%E0%A6%A4-%E0%A6%B9%E0%A6%9A%E0%A7%8D%E0%A6%9B%E0%A7%87-%E0%A6%86%E0%A6%B0%E0%A7%87%E0%A6%95%E0%A6%9F%E0%A6%BF-%E0%A6%AE%E0%A6%BE%E0%A6%B0%E0%A7%8D%E0%A6%95%E0%A6%BF%E0%A6%A8-%E0%A6%B0%E0%A6%A3%E0%A6%A4%E0%A6%B0%E0%A7%80%C2%A0,মধ্যপ্রাচ্যে মোতায়েনে প্রস্তুত হচ্ছে আরেকটি মার্কিন রণতরী,,2026-02-14 00:22:01,D:\IUT SEMESTER 7\CLIR\CLIR-News-Retrieval-System\data\raw\bangla\samakal\338402_98477ab4.json
338403_d2248d2f.json,bangla,samakal,https://samakal.com/whole-country/article/338403/%E0%A6%9C%E0%A6%BE%E0%A6%AE%E0%A6%BE%E0%A6%B2%E0%A6%AA%E0%A7%81%E0%A6%B0%E0%A7%87-%E0%A6%A8%E0%A6%BF%E0%A6%B0%E0%A7%8D%E0%A6%AC%E0%A6%BF%E0%A6%98%E0%A7%8D%E0%A6%A8%E0%A7%87-%E0%A6%AD%E0%A7%8B%E0%A6%9F-%E0%A7%AB-%E0%A6%86%E0%A6%B8%E0%A6%A8%E0%A7%87%E0%A6%87-%E0%A6%9C%E0%A7%9F-%E0%A6%AC%E0%A6%BF%E0%A6%8F%E0%A6%A8%E0%A6%AA%E0%A6%BF%E0%A6%B0,"জামালপুরে নির্বিঘ্নে ভোট, ৫ আসনেই জয় বিএনপির",,2026-02-14 00:22:25,D:\IUT SEMESTER 7\CLIR\CLIR-News-Retrieval-System\data\raw\bangla\samakal\338403_d2248d2f.json
338404_722ac936.json,bangla,samakal,https://samakal.com/international/article/338404/%E0%A6%87%E0%A6%89%E0%A6%95%E0%A7%8D%E0%A6%B0%E0%A7%87%E0%A6%A8%E0%A7%87-%E0%A6%B0%E0%A7%81%E0%A6%B6-%E0%A6%B9%E0%A6%BE%E0%A6%AE%E0%A6%B2%E0%A6%BE-%E0%A6%85%E0%A6%AC%E0%A7%8D%E0%A6%AF%E0%A6%BE%E0%A6%B9%E0%A6%A4-%E0%A6%A4%E0%A7%87%E0%A6%B2%E0%A7%87-%E0%A6%86%E0%A6%B8%E0%A6%9B%E0%A7%87-%E0%A6%A8%E0%A6%A4%E0%A7%81%E0%A6%A8-%E0%A6%A8%E0%A6%BF%E0%A6%B7%E0%A7%87%E0%A6%A7%E0%A6%BE%E0%A6%9C%E0%A7%8D%E0%A6%9E%E0%A6%BE,"ইউক্রেনে রুশ হামলা অব্যাহত, তেলে আসছে নতুন নিষেধাজ্ঞা",,2026-02-14 00:22:15,D:\IUT SEMESTER 7\CLIR\CLIR-News-Retrieval-System\data\raw\bangla\samakal\338404_722ac936.json
338405_f4c0126e.json,bangla,samakal,https://samakal.com/politics/article/338405/%E0%A6%AC%E0%A6%BE%E0%A6%A7%E0%A7%8D%E0%A6%AF-%E0%A6%95%E0%A6%B0%E0%A6%BE-%E0%A6%B9%E0%A6%B2%E0%A7%87-%E0%A6%B0%E0%A6%BE%E0%A6%9C%E0%A6%AA%E0%A6%A5%E0%A7%87-%E0%A6%A8%E0%A6%BE%E0%A6%AE%E0%A6%AC:-%E0%A6%9C%E0%A6%BE%E0%A6%AE%E0%A6%BE%E0%A7%9F%E0%A6%BE%E0%A6%A4-%E0%A6%86%E0%A6%AE%E0%A6%BF%E0%A6%B0,বাধ্য করা হলে রাজপথে নামব: জামায়াত আমির,,2026-02-14 00:22:19,D:\IUT SEMESTER 7\CLIR\CLIR-News-Retrieval-System\data\raw\bangla\samakal\338405_f4c0126e.json
338406_2b224eb6.json,bangla,samakal,https://samakal.com/international/article/338406/%E0%A6%AE%E0%A6%BF%E0%A6%A8%E0%A7%87%E0%A6%B8%E0%A7%8B%E0%A6%9F%E0%A6%BE%E0%A6%AF%E0%A6%BC-%E0%A6%B6%E0%A7%87%E0%A6%B7-%E0%A6%B9%E0%A6%B2%E0%A7%8B-%E0%A6%85%E0%A6%AD%E0%A6%BF%E0%A6%AC%E0%A6%BE%E0%A6%B8%E0%A7%80-%E0%A6%A6%E0%A6%AE%E0%A6%A8%E0%A6%BE%E0%A6%AD%E0%A6%BF%E0%A6%AF%E0%A6%BE%E0%A6%A8,মিনেসোটায় শেষ হলো অভিবাসী দমনাভিযান,,2026-02-14 00:21:46,D:\IUT SEMESTER 7\CLIR\CLIR-News-Retrieval-System\data\raw\bangla\samakal\338406_2b224eb6.json
338407_895059fc.json,bangla,samakal,https://samakal.com/whole-country/article/338407/%E0%A6%AE%E0%A7%9F%E0%A6%AE%E0%A6%A8%E0%A6%B8%E0%A6%BF%E0%A6%82%E0%A6%B9%E0%A7%87-%E0%A7%A7%E0%A7%A7-%E0%A6%86%E0%A6%B8%E0%A6%A8%E0%A7%87%E0%A6%B0-%E0%A6%B8%E0%A6%AC%E0%A6%BE%E0%A6%87-%E0%A6%AA%E0%A7%8D%E0%A6%B0%E0%A6%A5%E0%A6%AE%E0%A6%AC%E0%A6%BE%E0%A6%B0-%E0%A6%B8%E0%A6%82%E0%A6%B8%E0%A6%A6%E0%A7%87-%E0%A6%AF%E0%A6%BE%E0%A6%9A%E0%A7%8D%E0%A6%9B%E0%A7%87%E0%A6%A8%C2%A0,ময়মনসিংহে ১১ আসনের সবাই প্রথমবার সংসদে যাচ্ছেন,,2026-02-14 00:22:11,D:\IUT SEMESTER 7\CLIR\CLIR-News-Retrieval-System\data\raw\bangla\samakal\338407_895059fc.json
338408_0ca192dc.json,bangla,samakal,https://samakal.com/politics/article/338408/%E0%A6%A8%E0%A6%BF%E0%A6%B0%E0%A7%8D%E0%A6%AC%E0%A6%BE%E0%A6%9A%E0%A6%A8%E0%A7%87-%E0%A6%AA%E0%A7%8D%E0%A6%B0%E0%A6%B6%E0%A6%BE%E0%A6%B8%E0%A6%A8%E0%A6%95%E0%A7%87-%E0%A6%AC%E0%A7%8D%E0%A6%AF%E0%A6%AC%E0%A6%B9%E0%A6%BE%E0%A6%B0-%E0%A6%95%E0%A6%B0%E0%A7%87-%E0%A6%AB%E0%A6%B2%E0%A6%BE%E0%A6%AB%E0%A6%B2-%E0%A6%AA%E0%A6%B0%E0%A6%BF%E0%A6%AC%E0%A6%B0%E0%A7%8D%E0%A6%A4%E0%A6%A8-%E0%A6%95%E0%A6%B0%E0%A6%BE-%E0%A6%B9%E0%A7%9F%E0%A7%87%E0%A6%9B%E0%A7%87:-%E0%A6%A8%E0%A6%BE%E0%A6%B9%E0%A6%BF%E0%A6%A6-%E0%A6%87%E0%A6%B8%E0%A6%B2%E0%A6%BE%E0%A6%AE,নির্বাচনে প্রশাসনকে ব্যবহার করে ফলাফল পরিবর্তন করা হয়েছে: নাহিদ ইসলাম,,2026-02-14 00:21:36,D:\IUT SEMESTER 7\CLIR\CLIR-News-Retrieval-System\data\raw\bangla\samakal\338408_0ca192dc.json
338409_bd42db9f.json,bangla,samakal,https://samakal.com/whole-country/article/338409/%E0%A6%AC%E0%A6%BF%E0%A6%8F%E0%A6%A8%E0%A6%AA%E0%A6%BF%E0%A6%B0-%E0%A7%AA%E0%A7%AD-%E0%A6%AC%E0%A6%9B%E0%A6%B0%E0%A7%87%E0%A6%B0-%E0%A6%B8%E0%A7%8D%E0%A6%AC%E0%A6%AA%E0%A7%8D%E0%A6%A8-%E0%A6%85%E0%A6%A7%E0%A6%B0%E0%A6%BE%E0%A6%87-%E0%A6%A5%E0%A6%BE%E0%A6%95%E0%A6%B2,বিএনপির ৪৭ বছরের স্বপ্ন অধরাই থাকল,,2026-02-14 00:21:28,D:\IUT SEMESTER 7\CLIR\CLIR-News-Retrieval-System\data\raw\bangla\samakal\338409_bd42db9f.json
338410_4c837832.json,bangla,samakal,https://samakal.com/whole-country/article/338410/%E0%A6%B8%E0%A7%8D%E0%A6%AC%E0%A6%A4%E0%A6%A8%E0%A7%8D%E0%A6%A4%E0%A7%8D%E0%A6%B0-%E0%A6%AA%E0%A7%8D%E0%A6%B0%E0%A6%BE%E0%A6%B0%E0%A7%8D%E0%A6%A5%E0%A7%80%E0%A6%B0-%E0%A6%B8%E0%A6%AE%E0%A6%B0%E0%A7%8D%E0%A6%A5%E0%A6%95%E0%A6%95%E0%A7%87-%E0%A6%AA%E0%A6%BF%E0%A6%9F%E0%A6%BF%E0%A7%9F%E0%A7%87-%E0%A6%B9%E0%A6%A4%E0%A7%8D%E0%A6%AF%E0%A6%BE-%E0%A6%85%E0%A6%AD%E0%A6%BF%E0%A6%AF%E0%A7%8B%E0%A6%97-%E0%A6%AC%E0%A6%BF%E0%A6%8F%E0%A6%A8%E0%A6%AA%E0%A6%BF%E0%A6%B0-%E0%A6%B8%E0%A6%AE%E0%A6%B0%E0%A7%8D%E0%A6%A5%E0%A6%95%E0%A6%A6%E0%A7%87%E0%A6%B0-%E0%A6%AC%E0%A6%BF%E0%A6%B0%E0%A7%81%E0%A6%A6%E0%A7%8D%E0%A6%A7%E0%A7%87,"স্বতন্ত্র প্রার্থীর সমর্থককে পিটিয়ে হত্যা, অভিযোগ বিএনপির সমর্থকদের বিরুদ্ধে",,2026-02-14 00:21:32,D:\IUT SEMESTER 7\CLIR\CLIR-News-Retrieval-System\data\raw\bangla\samakal\338410_4c837832.json
338411_32523647.json,bangla,samakal,https://samakal.com/international/article/338411/%E0%A6%9A%E0%A7%80%E0%A6%A8%E0%A6%BE-%E0%A6%9C%E0%A6%BE%E0%A6%B9%E0%A6%BE%E0%A6%9C-%E0%A6%9C%E0%A6%AC%E0%A7%8D%E0%A6%A6-%E0%A6%95%E0%A6%B0%E0%A7%87%E0%A6%9B%E0%A7%87-%E0%A6%9C%E0%A6%BE%E0%A6%AA%E0%A6%BE%E0%A6%A8,চীনা জাহাজ জব্দ করেছে জাপান,,2026-02-14 00:22:06,D:\IUT SEMESTER 7\CLIR\CLIR-News-Retrieval-System\data\raw\bangla\samakal\338411_32523647.json
338412_35740014.json,bangla,samakal,https://samakal.com/whole-country/article/338412/%E0%A6%AD%E0%A7%8B%E0%A6%9F%E0%A7%87%E0%A6%B0-%E0%A6%AA%E0%A6%B0%E0%A6%A6%E0%A6%BF%E0%A6%A8-%E0%A6%AF%E0%A7%81%E0%A6%AC%E0%A6%95%E0%A6%95%E0%A7%87-%E0%A6%95%E0%A7%81%E0%A7%9C%E0%A6%BE%E0%A6%B2-%E0%A6%A6%E0%A6%BF%E0%A7%9F%E0%A7%87-%E0%A6%95%E0%A7%81%E0%A6%AA%E0%A6%BF%E0%A7%9F%E0%A7%87-%E0%A6%B9%E0%A6%A4%E0%A7%8D%E0%A6%AF%E0%A6%BE,ভোটের পরদিন যুবককে কুড়াল দিয়ে কুপিয়ে হত্যা,,2026-02-14 00:22:29,D:\IUT SEMESTER 7\CLIR\CLIR-News-Retrieval-System\data\raw\bangla\samakal\338412_35740014.json
338413_e06dd9b9.json,bangla,samakal,https://samakal.com/whole-country/article/338413/%E0%A6%AE%E0%A7%87%E0%A6%B9%E0%A7%87%E0%A6%B0%E0%A6%AA%E0%A7%81%E0%A6%B0-%E0%A6%93-%E0%A6%9A%E0%A7%81%E0%A7%9F%E0%A6%BE%E0%A6%A1%E0%A6%BE%E0%A6%99%E0%A7%8D%E0%A6%97%E0%A6%BE%E0%A6%B0-%E0%A7%AA-%E0%A6%86%E0%A6%B8%E0%A6%A8%E0%A6%87-%E0%A6%9C%E0%A6%BE%E0%A6%AE%E0%A6%BE%E0%A7%9F%E0%A6%BE%E0%A6%A4%E0%A7%87%E0%A6%B0%C2%A0,মেহেরপুর ও চুয়াডাঙ্গার ৪ আসনই জামায়াতের,,2026-02-14 00:21:23,D:\IUT SEMESTER 7\CLIR\CLIR-News-Retrieval-System\data\raw\bangla\samakal\338413_e06dd9b9.json
338414_3ef1d40a.json,bangla,samakal,https://samakal.com/international/article/338414/%E0%A6%AE%E0%A6%BE%E0%A6%A6%E0%A7%81%E0%A6%B0%E0%A7%8B-%E0%A6%8F%E0%A6%96%E0%A6%A8%E0%A6%93-%E0%A6%AD%E0%A7%87%E0%A6%A8%E0%A7%87%E0%A6%9C%E0%A7%81%E0%A7%9F%E0%A7%87%E0%A6%B2%E0%A6%BE%E0%A6%B0-%E0%A6%AA%E0%A7%8D%E0%A6%B0%E0%A7%87%E0%A6%B8%E0%A6%BF%E0%A6%A1%E0%A7%87%E0%A6%A8%E0%A7%8D%E0%A6%9F:-%E0%A6%A1%E0%A7%87%E0%A6%B2%E0%A6%B8%E0%A6%BF,মাদুরো এখনও ভেনেজুয়েলার প্রেসিডেন্ট: ডেলসি,,2026-02-14 00:21:55,D:\IUT SEMESTER 7\CLIR\CLIR-News-Retrieval-System\data\raw\bangla\samakal\338414_3ef1d40a.json
338415_e4fadae1.json,bangla,samakal,https://samakal.com/whole-country/article/338415/%E0%A6%AF%E0%A6%B6%E0%A7%8B%E0%A6%B0%E0%A7%87%E0%A6%B0-%E0%A6%9B%E0%A7%9F-%E0%A6%86%E0%A6%B8%E0%A6%A8%E0%A7%87%E0%A6%B0-%E0%A6%AA%E0%A6%BE%E0%A6%81%E0%A6%9A%E0%A6%9F%E0%A6%BF%E0%A6%A4%E0%A7%87%E0%A6%87-%E0%A6%9C%E0%A6%BE%E0%A6%AE%E0%A6%BE%E0%A7%9F%E0%A6%BE%E0%A6%A4,যশোরের ছয় আসনের পাঁচটিতেই জামায়াত,,2026-02-14 00:22:43,D:\IUT SEMESTER 7\CLIR\CLIR-News-Retrieval-System\data\raw\bangla\samakal\338415_e4fadae1.json
338416_ce2f551a.json,bangla,samakal,https://samakal.com/whole-country/article/338416/%E0%A6%B9%E0%A6%BE%E0%A6%B2%E0%A7%81%E0%A7%9F%E0%A6%BE%E0%A6%98%E0%A6%BE%E0%A6%9F%E0%A7%87-%E0%A6%B8%E0%A7%81%E0%A6%AA%E0%A6%BE%E0%A6%B0%E0%A6%BF-%E0%A6%9A%E0%A7%81%E0%A6%B0%E0%A6%BF%E0%A6%B0-%E0%A6%85%E0%A6%AD%E0%A6%BF%E0%A6%AF%E0%A7%8B%E0%A6%97-%E0%A6%A4%E0%A7%81%E0%A6%B2%E0%A7%87-%E0%A6%B6%E0%A6%BF%E0%A6%B6%E0%A7%81%E0%A6%95%E0%A7%87-%E0%A6%AA%E0%A6%BF%E0%A6%9F%E0%A6%BF%E0%A7%9F%E0%A7%87-%E0%A6%B9%E0%A6%A4%E0%A7%8D%E0%A6%AF%E0%A6%BE-%E0%A6%A5%E0%A6%BE%E0%A6%A8%E0%A6%BE-%E0%A6%98%E0%A7%87%E0%A6%B0%E0%A6%BE%E0%A6%93,"হালুয়াঘাটে সুপারি চুরির অভিযোগ তুলে শিশুকে পিটিয়ে হত্যা, থানা ঘেরাও",,2026-02-14 00:22:48,D:\IUT SEMESTER 7\CLIR\CLIR-News-Retrieval-System\data\raw\bangla\samakal\338416_ce2f551a.json
338417_301f172a.json,bangla,samakal,https://samakal.com/whole-country/article/338417/%E0%A6%AC%E0%A6%97%E0%A7%81%E0%A7%9C%E0%A6%BE%E0%A7%9F-%E2%80%98%E0%A6%B9%E0%A7%8D%E0%A6%AF%E0%A6%BE%E0%A6%81%E2%80%99-%E0%A6%AD%E0%A7%8B%E0%A6%9F-%E0%A6%AA%E0%A7%9C%E0%A7%87%E0%A6%9B%E0%A7%87-%E0%A7%A7%E0%A7%A7-%E0%A6%B2%E0%A6%BE%E0%A6%96-%E2%80%98%E0%A6%A8%E0%A6%BE%E2%80%99-%E0%A6%B8%E0%A7%8B%E0%A7%9F%E0%A6%BE-%E0%A7%AB-%E0%A6%B2%E0%A6%BE%E0%A6%96,"বগুড়ায় ‘হ্যাঁ’ ভোট পড়েছে ১১ লাখ, ‘না’ সোয়া ৫ লাখ",,2026-02-14 00:21:41,D:\IUT SEMESTER 7\CLIR\CLIR-News-Retrieval-System\data\raw\bangla\samakal\338417_301f172a.json
338418_622be1d3.json,bangla,samakal,https://samakal.com/politics/article/338418/%E0%A6%95%E0%A6%AE-%E0%A6%AD%E0%A7%8B%E0%A6%9F%E0%A7%87%E0%A6%B0-%E0%A6%AC%E0%A7%8D%E0%A6%AF%E0%A6%AC%E0%A6%A7%E0%A6%BE%E0%A6%A8%E0%A7%87-%E0%A6%B9%E0%A6%BE%E0%A6%B0%E0%A6%B2%E0%A7%87%E0%A6%A8-%E0%A6%AF%E0%A7%87%E0%A6%B8%E0%A6%AC-%E0%A6%AA%E0%A7%8D%E0%A6%B0%E0%A6%BE%E0%A6%B0%E0%A7%8D%E0%A6%A5%E0%A7%80%E0%A6%B0%E0%A6%BE,কম ভোটের ব্যবধানে হারলেন যেসব প্রার্থীরা,,2026-02-14 00:21:17,D:\IUT SEMESTER 7\CLIR\CLIR-News-Retrieval-System\data\raw\bangla\samakal\338418_622be1d3.json
338419_1466e113.json,bangla,samakal,https://samakal.com/politics/article/338419/%E0%A6%A8%E0%A6%BF%E0%A6%B0%E0%A7%8D%E0%A6%AC%E0%A6%BE%E0%A6%9A%E0%A6%A8%E0%A7%87-%E0%A6%9C%E0%A7%9F%E0%A7%87%E0%A6%B0-%E0%A6%96%E0%A6%BE%E0%A6%A4%E0%A6%BE-%E0%A6%96%E0%A7%81%E0%A6%B2%E0%A6%A4%E0%A7%87-%E0%A6%AA%E0%A6%BE%E0%A6%B0%E0%A7%87%E0%A6%A8%E0%A6%BF-%E0%A7%AA%E0%A7%A7-%E0%A6%A6%E0%A6%B2%E0%A7%87%E0%A6%B0-%E0%A6%95%E0%A7%8B%E0%A6%A8%E0%A7%8B-%E0%A6%AA%E0%A7%8D%E0%A6%B0%E0%A6%BE%E0%A6%B0%E0%A7%8D%E0%A6%A5%E0%A7%80,নির্বাচনে জয়ের খাতা খুলতে পারেনি ৪১ দলের কোনো প্রার্থী,,2026-02-14 00:22:38,D:\IUT SEMESTER 7\CLIR\CLIR-News-Retrieval-System\data\raw\bangla\samakal\338419_1466e113.json
338420_7ce57587.json,bangla,samakal,https://samakal.com/politics/article/338420/%E0%A6%AC%E0%A6%BF%E0%A6%8F%E0%A6%A8%E0%A6%AA%E0%A6%BF%E0%A6%95%E0%A7%87-%E0%A6%A6%E0%A7%81%E0%A6%87-%E0%A6%A4%E0%A7%83%E0%A6%A4%E0%A7%80%E0%A7%9F%E0%A6%BE%E0%A6%82%E0%A6%B6-%E0%A6%86%E0%A6%B8%E0%A6%A8-%E0%A6%A6%E0%A6%BF%E0%A6%A4%E0%A7%87-%E0%A6%B0%E0%A7%87%E0%A6%9C%E0%A6%BE%E0%A6%B2%E0%A7%8D%E0%A6%9F-%E0%A6%9F%E0%A7%87%E0%A6%AE%E0%A7%8D%E0%A6%AA%E0%A6%BE%E0%A6%B0%E0%A6%BF%E0%A6%82-%E0%A6%B9%E0%A7%9F%E0%A7%87%E0%A6%9B%E0%A7%87:-%E0%A6%8F%E0%A6%A8%E0%A6%B8%E0%A6%BF%E0%A6%AA%E0%A6%BF,বিএনপিকে দুই-তৃতীয়াংশ আসন দিতে রেজাল্ট টেম্পারিং হয়েছে: এনসিপি,,2026-02-14 00:21:51,D:\IUT SEMESTER 7\CLIR\CLIR-News-Retrieval-System\data\raw\bangla\samakal\338420_7ce57587.json
338421_adc2eff3.json,bangla,samakal,https://samakal.com/whole-country/article/338421/%E0%A6%A1%E0%A7%81%E0%A6%AE%E0%A7%81%E0%A6%B0%E0%A6%BF%E0%A7%9F%E0%A6%BE-%E0%A6%89%E0%A6%AA%E0%A6%9C%E0%A7%87%E0%A6%B2%E0%A6%BE%E0%A6%B0-%E0%A6%B8%E0%A6%AC-%E0%A6%95%E0%A7%87%E0%A6%A8%E0%A7%8D%E0%A6%A6%E0%A7%8D%E0%A6%B0%E0%A7%87%E0%A6%B0-%E0%A6%AD%E0%A7%8B%E0%A6%9F-%E0%A6%AA%E0%A7%81%E0%A6%A8%E0%A6%B0%E0%A6%BE%E0%A6%AF%E0%A6%BC-%E0%A6%97%E0%A6%A3%E0%A6%A8%E0%A6%BE%E0%A6%B0-%E0%A6%86%E0%A6%AC%E0%A7%87%E0%A6%A6%E0%A6%A8-%E0%A6%9C%E0%A6%BE%E0%A6%AE%E0%A6%BE%E0%A6%AF%E0%A6%BC%E0%A6%BE%E0%A6%A4-%E0%A6%B8%E0%A7%87%E0%A6%95%E0%A7%8D%E0%A6%B0%E0%A7%87%E0%A6%9F%E0%A6%BE%E0%A6%B0%E0%A6%BF%E0%A6%B0,ডুমুরিয়া উপজেলার সব কেন্দ্রের ভোট পুনরায় গণনার আবেদন জামায়াত সেক্রেটারির,,2026-02-14 00:22:34,D:\IUT SEMESTER 7\CLIR\CLIR-News-Retrieval-System\data\raw\bangla\samakal\338421_adc2eff3.json
2d2ea143183adba6.json,english,dhaka_tribune,https://www.dhakatribune.com%2Fbangladesh%2F393008%2Fprof-yunus-returns-home-from-us%23image-,CA to address nation on Victory Day Tuesday evening,,2025-12-18 04:14:31,D:\IUT SEMESTER 7\CLIR\CLIR-News-Retrieval-System\data\raw\english\dhaka_tribune\2d2ea143183adba6.json
169615_c7dd3dca.json,english,unb,https://unb.com.bd/category/Opinion/76-years-of-endeavor-50-years-of-partnership-together-for-a-better-and-shared-future-of-china-and-bangladesh/169615,"76 Years of Endeavor, 50 Years of Partnership — Together for a Better and Shared Future of China and Bangladesh",,2025-12-18 14:38:09,D:\IUT SEMESTER 7\CLIR\CLIR-News-Retrieval-System\data\raw\english\unb\169615_c7dd3dca.json
169780_d7ffa168.json,english,unb,https://unb.com.bd/category/Opinion/how-should-china-and-bangladesh-conduct-economic-cooperation/169780,How Should China and Bangladesh Conduct Economic Cooperation?,,2025-12-18 14:38:04,D:\IUT SEMESTER 7\CLIR\CLIR-News-Retrieval-System\data\raw\english\unb\169780_d7ffa168.json
170034_85caa312.json,english,unb,https://unb.com.bd/category/Opinion/bangladeshs-coastal-fishers-trapped-by-debt-and-climate-change/170034,Bangladesh’s Coastal Fishers: Trapped by Debt and Climate Change,,2025-12-18 14:37:58,D:\IUT SEMESTER 7\CLIR\CLIR-News-Retrieval-System\data\raw\english\unb\170034_85caa312.json
170270_4e86768a.json,english,unb,https://unb.com.bd/category/Opinion/from-posters-to-punchlines-how-bangladeshs-politics-got-meme-ified/170270,From posters to punchlines: How Bangladesh’s politics got 'Meme-ified',,2025-12-18 14:37:48,D:\IUT SEMESTER 7\CLIR\CLIR-News-Retrieval-System\data\raw\english\unb\170270_4e86768a.json
170765_732dad6c.json,english,unb,https://unb.com.bd/category/Opinion/under-the-dying-yellow-bulb-rakib-hasan-our-mentor-of-courage/170765,"Under the dying yellow bulb: Rakib Hasan, our mentor of courage",,2025-12-18 14:37:50,D:\IUT SEMESTER 7\CLIR\CLIR-News-Retrieval-System\data\raw\english\unb\170765_732dad6c.json
171831_5c54d7c8.json,english,unb,https://unb.com.bd/category/Opinion/climate-change-and-health-impacts-an-economic-case-for-investment-in-bangladesh/171831,Climate Change and Health Impacts – An Economic Case for Investment in Bangladesh,,2025-12-18 14:37:53,D:\IUT SEMESTER 7\CLIR\CLIR-News-Retrieval-System\data\raw\english\unb\171831_5c54d7c8.json
172119_8194a8e0.json,english,unb,https://unb.com.bd/category/Opinion/stitching-hope-weaving-dignity/172119,"Stitching Hope, Weaving Dignity",,2025-12-18 14:38:01,D:\IUT SEMESTER 7\CLIR\CLIR-News-Retrieval-System\data\raw\english\unb\172119_8194a8e0.json
173462_717ae7e0.json,english,unb,https://unb.com.bd/category/Opinion/soaring-price-of-fresh-produce-and-its-effect-on-low-income-families-of-dhaka/173462,Soaring price of fresh produce and its effect on low-income families of Dhaka,,2025-12-18 14:38:12,D:\IUT SEMESTER 7\CLIR\CLIR-News-Retrieval-System\data\raw\english\unb\173462_717ae7e0.json
174644_ad8daac3.json,english,unb,https://unb.com.bd/category/Lifestyle/top-10-bulletproof-cars-for-2025-26-specs-price-and-features/174644,"Top 10 Bulletproof Cars For 2025-26: Specs, Price, and Features",,2025-12-18 14:37:02,D:\IUT SEMESTER 7\CLIR\CLIR-News-Retrieval-System\data\raw\english\unb\174644_ad8daac3.json
174700_3945a74b.json,english,unb,https://unb.com.bd/category/Lifestyle/indonesias-first-giant-panda-cub-squeals-and-squirms-in-new-park-footage/174700,Indonesia’s first giant panda cub squeals and squirms in new park footage,,2025-12-18 14:37:08,D:\IUT SEMESTER 7\CLIR\CLIR-News-Retrieval-System\data\raw\english\unb\174700_3945a74b.json
174793_8788e1b9.json,english,unb,https://unb.com.bd/category/Lifestyle/16000-dinosaur-footprints-in-central-bolivia-offer-glimpse-into-ancient-behavior/174793,"16,000 Dinosaur footprints in Central Bolivia offer glimpse into ancient behavior",,2025-12-18 14:36:52,D:\IUT SEMESTER 7\CLIR\CLIR-News-Retrieval-System\data\raw\english\unb\174793_8788e1b9.json
174858_ef5940f6.json,english,unb,https://unb.com.bd/category/Tech/microsoft-to-invest-175-billion-in-india-for-ai-and-cloud-infrastructure/174858,Microsoft to invest $17.5 billion in India for AI and Cloud infrastructure,,2025-12-18 14:34:38,D:\IUT SEMESTER 7\CLIR\CLIR-News-Retrieval-System\data\raw\english\unb\174858_ef5940f6.json
174874_541ae22d.json,english,unb,https://unb.com.bd/category/Tech/google-facing-new-eu-antitrust-probe-over-content-used-for-ai/174874,Google facing new EU antitrust probe over content used for AI,,2025-12-18 14:35:00,D:\IUT SEMESTER 7\CLIR\CLIR-News-Retrieval-System\data\raw\english\unb\174874_541ae22d.json
174876_afb79307.json,english,unb,https://unb.com.bd/category/Lifestyle/paris-showcases-royal-jewels-as-city-still-reels-from-louvre-heist/174876,Paris showcases royal jewels as city still reels from Louvre heist,,2025-12-18 14:37:00,D:\IUT SEMESTER 7\CLIR\CLIR-News-Retrieval-System\data\raw\english\unb\174876_afb79307.json
174883_37388bc9.json,english,unb,https://unb.com.bd/category/Entertainment/best-south-indian-thriller-movies-2025-top-10-releases-dominating-the-year/174883,Best South Indian Thriller Movies 2025: Top 10 Releases Dominating the Year,,2025-12-18 14:27:24,D:\IUT SEMESTER 7\CLIR\CLIR-News-Retrieval-System\data\raw\english\unb\174883_37388bc9.json
174886_ec607b0e.json,english,unb,https://unb.com.bd/category/Tech/social-media-ban-for-children-under-16-starts-in-australia/174886,Social media ban for children under 16 starts in Australia,,2025-12-18 14:34:57,D:\IUT SEMESTER 7\CLIR\CLIR-News-Retrieval-System\data\raw\english\unb\174886_ec607b0e.json
174893_3feeb528.json,english,unb,https://unb.com.bd/category/Environment/the-cage-of-captivity-and-the-cry-for-freedom-a-cruel-picture-of-wildlife-rights-violation/174893,The Cage of Captivity and the Cry for Freedom: A Cruel Picture of Wildlife Rights Violation,,2025-12-18 14:27:19,D:\IUT SEMESTER 7\CLIR\CLIR-News-Retrieval-System\data\raw\english\unb\174893_3feeb528.json
174925_6dae055c.json,english,unb,https://unb.com.bd/category/Tech/australia-implements-world-first-social-media-ban-for-children-under-16/174925,Australia implements world-first social media ban for children under 16,,2025-12-18 14:34:40,D:\IUT SEMESTER 7\CLIR\CLIR-News-Retrieval-System\data\raw\english\unb\174925_6dae055c.json
174963_099bd5f6.json,english,unb,https://unb.com.bd/category/Lifestyle/dont-settle-for-a-weak-health-savings-account/174963,Don’t settle for a weak health savings account,,2025-12-18 14:37:05,D:\IUT SEMESTER 7\CLIR\CLIR-News-Retrieval-System\data\raw\english\unb\174963_099bd5f6.json
174978_7765376c.json,english,unb,https://unb.com.bd/category/Opinion/mahbubullah-bhai-carrying-the-signature-of-an-idealist-generation/174978,Mahbubullah bhai : Carrying the signature of an idealist generation,,2025-12-18 14:38:07,D:\IUT SEMESTER 7\CLIR\CLIR-News-Retrieval-System\data\raw\english\unb\174978_7765376c.json
175097_c40e0de2.json,english,unb,https://unb.com.bd/category/Tech/south-africa-relaxes-affirmative-action-rules-clearing-path-for-starlink-after-musk-criticism/175097,"South Africa relaxes affirmative action rules, clearing path for Starlink after Musk criticism",,2025-12-18 14:34:48,D:\IUT SEMESTER 7\CLIR\CLIR-News-Retrieval-System\data\raw\english\unb\175097_c40e0de2.json
175099_44acdeed.json,english,unb,https://unb.com.bd/category/Lifestyle/experts-share-strategies-to-cut-holiday-spending/175099,Experts share strategies to cut holiday spending,,2025-12-18 14:36:46,D:\IUT SEMESTER 7\CLIR\CLIR-News-Retrieval-System\data\raw\english\unb\175099_44acdeed.json
175109_2383348c.json,english,unb,https://unb.com.bd/category/Entertainment/what-made-john-cena-wwes-most-beloved-star/175109,What made John Cena WWE’s most beloved star,,2025-12-18 14:36:05,D:\IUT SEMESTER 7\CLIR\CLIR-News-Retrieval-System\data\raw\english\unb\175109_2383348c.json
175155_5b42141b.json,english,unb,https://unb.com.bd/category/Tech/humanoid-robots-draw-attention-at-silicon-valley-summit-amid-lingering-doubts/175155,Humanoid robots draw attention at Silicon Valley summit amid lingering doubts,,2025-12-18 14:35:03,D:\IUT SEMESTER 7\CLIR\CLIR-News-Retrieval-System\data\raw\english\unb\175155_5b42141b.json
175157_52262543.json,english,unb,https://unb.com.bd/category/Lifestyle/experts-share-advice-to-reduce-financial-stress-and-curb-holiday-overspending/175157,Experts share advice to reduce financial stress and curb holiday overspending,,2025-12-18 14:36:54,D:\IUT SEMESTER 7\CLIR\CLIR-News-Retrieval-System\data\raw\english\unb\175157_52262543.json
175160_10dac28f.json,english,unb,https://unb.com.bd/category/Environment/unhealthy-air-quality-persists-in-dhaka/175160,‘Unhealthy’ air quality persists in Dhaka,,2025-12-18 14:39:40,D:\IUT SEMESTER 7\CLIR\CLIR-News-Retrieval-System\data\raw\english\unb\175160_10dac28f.json
175165_eae63bd1.json,english,unb,https://unb.com.bd/category/Entertainment/arjun-rampal-confirms-engagement-to-gabriella-demetriades/175165,Arjun Rampal confirms engagement to Gabriella Demetriades,,2025-12-18 14:36:00,D:\IUT SEMESTER 7\CLIR\CLIR-News-Retrieval-System\data\raw\english\unb\175165_eae63bd1.json
175188_f5bdb7fa.json,english,unb,https://unb.com.bd/category/Environment/police-to-act-against-noise-from-vehicles-construction-work-loudspeakers/175188,"Police to act against noise from vehicles, construction work, loudspeakers",,2025-12-18 14:27:27,D:\IUT SEMESTER 7\CLIR\CLIR-News-Retrieval-System\data\raw\english\unb\175188_f5bdb7fa.json
175222_59436805.json,english,unb,https://unb.com.bd/category/Lifestyle/holiday-candles-and-fireplaces-best-enjoyed-in-moderation-experts-say/175222,"Holiday candles and fireplaces best enjoyed in moderation, experts say",,2025-12-18 14:36:57,D:\IUT SEMESTER 7\CLIR\CLIR-News-Retrieval-System\data\raw\english\unb\175222_59436805.json
175225_1c1f33cb.json,english,unb,https://unb.com.bd/category/Entertainment/zootopia-2-returns-to-no-1-at-box-office-surpasses-1b-globally/175225,"‘Zootopia 2’ returns to No. 1 at box office, surpasses $1B globally",,2025-12-18 14:35:44,D:\IUT SEMESTER 7\CLIR\CLIR-News-Retrieval-System\data\raw\english\unb\175225_1c1f33cb.json
175230_51984091.json,english,unb,https://unb.com.bd/category/Tech/militant-groups-experimenting-with-ai-raising-security-concerns/175230,"Militant groups experimenting with AI, raising security concerns",,2025-12-18 14:34:54,D:\IUT SEMESTER 7\CLIR\CLIR-News-Retrieval-System\data\raw\english\unb\175230_51984091.json
175252_471c1090.json,english,unb,https://unb.com.bd/category/Tech/militant-groups-experimenting-with-ai-as-risks-rise/175252,Militant groups experimenting with AI as risks rise,,2025-12-18 14:34:46,D:\IUT SEMESTER 7\CLIR\CLIR-News-Retrieval-System\data\raw\english\unb\175252_471c1090.json
175257_47f859bb.json,english,unb,https://unb.com.bd/category/Business/bangladesh-capital-market-extends-losing-streak-for-second-day/175257,Bangladesh capital market extends losing streak for second day,,2025-12-18 14:31:28,D:\IUT SEMESTER 7\CLIR\CLIR-News-Retrieval-System\data\raw\english\unb\175257_47f859bb.json
175263_7a9d042c.json,english,unb,https://unb.com.bd/category/Entertainment/rob-reiner-and-wife-found-dead-at-los-angeles-residence/175263,Rob Reiner and wife found dead at Los Angeles residence,,2025-12-18 14:35:57,D:\IUT SEMESTER 7\CLIR\CLIR-News-Retrieval-System\data\raw\english\unb\175263_7a9d042c.json
175285_315c1946.json,english,unb,https://unb.com.bd/category/Entertainment/rob-reiners-son-arrested-in-probe-into-parents-deaths/175285,Rob Reiner’s son arrested in probe into parents’ deaths,,2025-12-18 14:35:41,D:\IUT SEMESTER 7\CLIR\CLIR-News-Retrieval-System\data\raw\english\unb\175285_315c1946.json
175286_20c4e07b.json,english,unb,https://unb.com.bd/category/Entertainment/pakistan-to-produce-film-on-lyari-cites-indian-propaganda-over-dhurandhar-portrayal/175286,"Pakistan to produce film on Lyari, cites Indian propaganda over Dhurandhar portrayal",,2025-12-18 14:35:52,D:\IUT SEMESTER 7\CLIR\CLIR-News-Retrieval-System\data\raw\english\unb\175286_20c4e07b.json
175303_bc9ef99f.json,english,unb,https://unb.com.bd/category/Sports/manchester-united-and-bournemouth-share-8-goal-thriller-in-premier-league/175303,Manchester United and Bournemouth share 8-goal thriller in Premier League,,2025-12-18 14:32:47,D:\IUT SEMESTER 7\CLIR\CLIR-News-Retrieval-System\data\raw\english\unb\175303_bc9ef99f.json
175306_a3a2762e.json,english,unb,https://unb.com.bd/category/Tech/trump-issues-executive-order-to-limit-state-ai-regulations/175306,Trump issues executive order to limit state AI regulations,,2025-12-18 14:34:51,D:\IUT SEMESTER 7\CLIR\CLIR-News-Retrieval-System\data\raw\english\unb\175306_a3a2762e.json
175308_b6053f97.json,english,unb,https://unb.com.bd/category/Opinion/another-feather-added-to-the-countrys-cap-on-victory-day/175308,Another feather added to the country's cap on Victory Day,,2025-12-18 14:37:56,D:\IUT SEMESTER 7\CLIR\CLIR-News-Retrieval-System\data\raw\english\unb\175308_b6053f97.json
175314_b0ab5aec.json,english,unb,https://unb.com.bd/category/Bangladesh/subodh-returns-in-a-new-graffiti-by-elusive-artist-hobeki/175314,Subodh returns in a new graffiti by elusive artist HOBEKI?,,2025-12-18 14:27:22,D:\IUT SEMESTER 7\CLIR\CLIR-News-Retrieval-System\data\raw\english\unb\175314_b0ab5aec.json
175329_74c2961b.json,english,unb,https://unb.com.bd/category/Entertainment/10-biggest-hollywood-flops-of-2025-revealed/175329,10 biggest Hollywood flops of 2025 revealed,,2025-12-18 14:35:55,D:\IUT SEMESTER 7\CLIR\CLIR-News-Retrieval-System\data\raw\english\unb\175329_74c2961b.json
175333_cd7d4a72.json,english,unb,https://unb.com.bd/category/Sports/mustafizur-becomes-most-expensive-bangladeshi-at-ipl-auction/175333,Mustafizur becomes most expensive Bangladeshi at IPL auction,,2025-12-18 14:32:45,D:\IUT SEMESTER 7\CLIR\CLIR-News-Retrieval-System\data\raw\english\unb\175333_cd7d4a72.json
175339_be84c7d2.json,english,unb,https://unb.com.bd/category/Business/global-labor-market-conference-in-riyadh-partners-with-kings-trust-international/175339,Global Labor Market Conference in Riyadh partners with King’s Trust International,,2025-12-18 14:31:34,D:\IUT SEMESTER 7\CLIR\CLIR-News-Retrieval-System\data\raw\english\unb\175339_be84c7d2.json
175347_89531ef7.json,english,unb,https://unb.com.bd/category/Sports/fifa-cuts-some-world-cup-ticket-prices-to-60-after-fan-backlash/175347,FIFA cuts some World Cup ticket prices to $60 after fan backlash,,2025-12-18 14:32:34,D:\IUT SEMESTER 7\CLIR\CLIR-News-Retrieval-System\data\raw\english\unb\175347_89531ef7.json
175348_c25ac94f.json,english,unb,https://unb.com.bd/category/Sports/dembele-bonmati-crowned-fifas-best-players-of-2025/175348,"Dembélé, Bonmatí crowned FIFA’s best players of 2025",,2025-12-18 14:32:39,D:\IUT SEMESTER 7\CLIR\CLIR-News-Retrieval-System\data\raw\english\unb\175348_c25ac94f.json
175349_db18885b.json,english,unb,https://unb.com.bd/category/Sports/khawajas-surprise-ashes-comeback-lifts-australia-early-in-third-test/175349,Khawaja’s surprise Ashes comeback lifts Australia early in third Test,,2025-12-18 14:32:28,D:\IUT SEMESTER 7\CLIR\CLIR-News-Retrieval-System\data\raw\english\unb\175349_db18885b.json
175351_0504162d.json,english,unb,https://unb.com.bd/category/Tech/hyundai-kia-to-fix-millions-of-vehicles-in-anti-theft-settlement/175351,"Hyundai, Kia to fix millions of vehicles in anti-theft settlement",,2025-12-18 14:34:43,D:\IUT SEMESTER 7\CLIR\CLIR-News-Retrieval-System\data\raw\english\unb\175351_0504162d.json
175352_b71f2017.json,english,unb,https://unb.com.bd/category/Entertainment/growing-number-of-south-korean-actors-chase-hollywood-opportunities/175352,Growing number of South Korean actors chase Hollywood opportunities,,2025-12-18 14:36:02,D:\IUT SEMESTER 7\CLIR\CLIR-News-Retrieval-System\data\raw\english\unb\175352_b71f2017.json
175353_757fa965.json,english,unb,https://unb.com.bd/category/Business/trump-expands-travel-ban-to-20-more-countries-and-palestinians/175353,Trump expands travel ban to 20 more countries and Palestinians,,2025-12-18 14:31:39,D:\IUT SEMESTER 7\CLIR\CLIR-News-Retrieval-System\data\raw\english\unb\175353_757fa965.json
175357_ffd71d4c.json,english,unb,https://unb.com.bd/category/Lifestyle/creating-a-simple-garden-sanctuary-for-year-round-relaxation/175357,Creating a simple garden sanctuary for year-round relaxation,,2025-12-18 14:36:49,D:\IUT SEMESTER 7\CLIR\CLIR-News-Retrieval-System\data\raw\english\unb\175357_ffd71d4c.json
175359_d33c9ad4.json,english,unb,https://unb.com.bd/category/Politics/tough-days-ahead-as-conspiracies-persist-warns-tarique-rahman/175359,"Tough days ahead as conspiracies persist, warns Tarique Rahman",,2025-12-18 14:28:11,D:\IUT SEMESTER 7\CLIR\CLIR-News-Retrieval-System\data\raw\english\unb\175359_d33c9ad4.json
175363_5c0ce36b.json,english,unb,https://unb.com.bd/category/Politics/tarique-calls-himself-half-sylheti/175363,Tarique calls himself ‘half-Sylheti’,,2025-12-18 14:28:19,D:\IUT SEMESTER 7\CLIR\CLIR-News-Retrieval-System\data\raw\english\unb\175363_5c0ce36b.json
175364_2fc21209.json,english,unb,https://unb.com.bd/category/World/bondi-beach-gun-attack-suspect-faces-15-murder-charges/175364,Bondi Beach gun attack suspect faces 15 murder charges,,2025-12-18 14:33:48,D:\IUT SEMESTER 7\CLIR\CLIR-News-Retrieval-System\data\raw\english\unb\175364_2fc21209.json
175365_cc665ef7.json,english,unb,https://unb.com.bd/category/World/trump-orders-blockade-of-sanctioned-oil-tankers-to-venezuela/175365,Trump orders blockade of sanctioned oil tankers to Venezuela,,2025-12-18 14:33:42,D:\IUT SEMESTER 7\CLIR\CLIR-News-Retrieval-System\data\raw\english\unb\175365_cc665ef7.json
175366_666cb222.json,english,unb,https://unb.com.bd/category/World/trump-expands-us-travel-ban-to-20-more-countries/175366,Trump expands US travel ban to 20 more countries,,2025-12-18 14:33:56,D:\IUT SEMESTER 7\CLIR\CLIR-News-Retrieval-System\data\raw\english\unb\175366_666cb222.json
175368_0683f0e3.json,english,unb,https://unb.com.bd/category/World/victims-of-bondi-beach-attack-ranged-from-child-to-holocaust-survivor/175368,Victims of Bondi Beach attack ranged from child to Holocaust survivor,,2025-12-18 14:33:53,D:\IUT SEMESTER 7\CLIR\CLIR-News-Retrieval-System\data\raw\english\unb\175368_0683f0e3.json
175371_67486358.json,english,unb,https://unb.com.bd/category/Bangladesh/lalbagh-factory-fire-under-control/175371,Lalbagh factory fire under control,,2025-12-18 14:39:02,D:\IUT SEMESTER 7\CLIR\CLIR-News-Retrieval-System\data\raw\english\unb\175371_67486358.json
175372_d4d14bdb.json,english,unb,https://unb.com.bd/category/Politics/jamaat-leader-bulbul-seeks-nomination-for-cnawabganj-3/175372,Jamaat leader Bulbul seeks nomination for C’nawabganj-3,,2025-12-18 14:28:08,D:\IUT SEMESTER 7\CLIR\CLIR-News-Retrieval-System\data\raw\english\unb\175372_d4d14bdb.json
175378_7166b7fa.json,english,unb,https://unb.com.bd/category/Business/bringing-back-laundered-funds-may-take-45-years-bb-governor/175378,Bringing back laundered funds may take 4–5 years: BB governor,,2025-12-18 14:31:31,D:\IUT SEMESTER 7\CLIR\CLIR-News-Retrieval-System\data\raw\english\unb\175378_7166b7fa.json
175379_30a7d50f.json,english,unb,https://unb.com.bd/category/Politics/bangladesh-must-avoid-return-to-fascism-moyeen-khan/175379,Bangladesh must avoid return to fascism: Moyeen Khan,,2025-12-18 14:28:06,D:\IUT SEMESTER 7\CLIR\CLIR-News-Retrieval-System\data\raw\english\unb\175379_30a7d50f.json
175383_696db597.json,english,unb,https://unb.com.bd/category/Politics/bnp-forms-reception-committee-ahead-of-tariques-return/175383,BNP forms reception committee ahead of Tarique’s return,,2025-12-18 14:28:25,D:\IUT SEMESTER 7\CLIR\CLIR-News-Retrieval-System\data\raw\english\unb\175383_696db597.json
175387_e1c7118c.json,english,unb,https://unb.com.bd/category/Entertainment/warner-bros-urges-shareholders-to-reject-paramount-skydance-takeover-bid/175387,Warner Bros urges shareholders to reject Paramount Skydance takeover bid,,2025-12-18 14:35:47,D:\IUT SEMESTER 7\CLIR\CLIR-News-Retrieval-System\data\raw\english\unb\175387_e1c7118c.json
175388_93ac4f29.json,english,unb,https://unb.com.bd/category/World/mpox-outbreak-officially-ends-in-sierra-leone/175388,Mpox outbreak officially ends in Sierra Leone,,2025-12-18 14:33:35,D:\IUT SEMESTER 7\CLIR\CLIR-News-Retrieval-System\data\raw\english\unb\175388_93ac4f29.json
175389_52128c8b.json,english,unb,https://unb.com.bd/category/World/putin-warns-russia-will-expand-gains-in-ukraine-if-peace-talks-fail/175389,Putin warns Russia will expand gains in Ukraine if peace talks fail,,2025-12-18 14:33:50,D:\IUT SEMESTER 7\CLIR\CLIR-News-Retrieval-System\data\raw\english\unb\175389_52128c8b.json
175390_a0b4c51c.json,english,unb,https://unb.com.bd/category/Sports/carlos-alcaraz-ends-7-year-partnership-with-coach-juan-carlos-ferrero/175390,Carlos Alcaraz ends 7-year partnership with coach Juan Carlos Ferrero,,2025-12-18 14:32:50,D:\IUT SEMESTER 7\CLIR\CLIR-News-Retrieval-System\data\raw\english\unb\175390_a0b4c51c.json
175391_7a07ff54.json,english,unb,https://unb.com.bd/category/Sports/zlatan-ibrahimovics-son-could-lift-italian-super-cup-with-ac-milan/175391,Zlatan Ibrahimovic’s son could lift Italian Super Cup with AC Milan,,2025-12-18 14:32:42,D:\IUT SEMESTER 7\CLIR\CLIR-News-Retrieval-System\data\raw\english\unb\175391_7a07ff54.json
175392_7e658542.json,english,unb,https://unb.com.bd/category/Entertainment/nick-reiner-charged-with-parents-murder-in-los-angeles/175392,Nick Reiner charged with parents’ murder in Los Angeles,,2025-12-18 14:35:49,D:\IUT SEMESTER 7\CLIR\CLIR-News-Retrieval-System\data\raw\english\unb\175392_7e658542.json
175394_771c5c2f.json,english,unb,https://unb.com.bd/category/Politics/jamaat-ameer-shafiqur-rahman-leaves-for-london/175394,Jamaat Ameer Shafiqur Rahman leaves for London,,2025-12-18 14:28:17,D:\IUT SEMESTER 7\CLIR\CLIR-News-Retrieval-System\data\raw\english\unb\175394_771c5c2f.json
175395_2bb5dc4c.json,english,unb,https://unb.com.bd/category/Business/capital-market-extend-losing-streak-as-dse-cse-indices-fall-again/175395,"Capital market extend losing streak as DSE, CSE indices fall again",,2025-12-18 14:31:36,D:\IUT SEMESTER 7\CLIR\CLIR-News-Retrieval-System\data\raw\english\unb\175395_2bb5dc4c.json
175396_da052f83.json,english,unb,https://unb.com.bd/category/Politics/students-against-discrimination-opposes-2024-candidates-in-2026-polls/175396,Students Against Discrimination opposes 2024 candidates in 2026 polls,,2025-12-18 14:28:28,D:\IUT SEMESTER 7\CLIR\CLIR-News-Retrieval-System\data\raw\english\unb\175396_da052f83.json
175401_92e5f500.json,english,unb,https://unb.com.bd/category/Politics/seat-sharing-puzzle-bnp-faces-uphill-task-to-reach-amicable-deal-with-allies/175401,Seat-Sharing Puzzle: BNP faces uphill task to reach amicable deal with allies,,2025-12-18 14:28:14,D:\IUT SEMESTER 7\CLIR\CLIR-News-Retrieval-System\data\raw\english\unb\175401_92e5f500.json
175403_263fd47e.json,english,unb,https://unb.com.bd/category/Politics/jamaat-candidates-collect-57-nomination-forms-for-parliamentary-election-in-2-days/175403,Jamaat candidates collect 57 nomination forms for parliamentary election in 2 days,,2025-12-18 14:28:22,D:\IUT SEMESTER 7\CLIR\CLIR-News-Retrieval-System\data\raw\english\unb\175403_263fd47e.json
175404_5709f43e.json,english,unb,https://unb.com.bd/category/Bangladesh/police-disclose-special-security-measures-for-christmas-new-years-eve/175404,"Police disclose special security measures for Christmas, New Year’s Eve",,2025-12-18 14:38:39,D:\IUT SEMESTER 7\CLIR\CLIR-News-Retrieval-System\data\raw\english\unb\175404_5709f43e.json
175410_0c7c730b.json,english,unb,https://unb.com.bd/category/Bangladesh/hadis-condition-very-critical-says-singapores-foreign-minister/175410,"Hadi’s condition very critical, says Singapore’s Foreign Minister",,2025-12-18 14:38:43,D:\IUT SEMESTER 7\CLIR\CLIR-News-Retrieval-System\data\raw\english\unb\175410_0c7c730b.json
175413_91f84247.json,english,unb,https://unb.com.bd/category/World/israel-mortar-fire-hits-gaza-residential-area-wounds-at-least-10/175413,"Israel mortar fire hits Gaza residential area, wounds at least 10",,2025-12-18 14:33:39,D:\IUT SEMESTER 7\CLIR\CLIR-News-Retrieval-System\data\raw\english\unb\175413_91f84247.json
175414_303c3434.json,english,unb,https://unb.com.bd/category/Business/delays-push-up-cost-of-seed-potato-project-to-tk-113874-crore/175414,"Delays push up cost of seed potato project to Tk 1,138.74 crore",,2025-12-18 14:31:42,D:\IUT SEMESTER 7\CLIR\CLIR-News-Retrieval-System\data\raw\english\unb\175414_303c3434.json
175416_0815dd4d.json,english,unb,https://unb.com.bd/category/Bangladesh/amnesty-cpj-call-on-govt-to-release-anis-alamgir-unconditionally/175416,"Amnesty, CPJ call on govt to release Anis Alamgir unconditionally",,2025-12-18 14:26:59,D:\IUT SEMESTER 7\CLIR\CLIR-News-Retrieval-System\data\raw\english\unb\175416_0815dd4d.json
175417_e1dea448.json,english,unb,https://unb.com.bd/category/Sports/mbappe-brace-carries-real-madrid-past-talavera-in-tight-copa-del-rey-tie/175417,Mbappé brace carries Real Madrid past Talavera in tight Copa del Rey tie,,2025-12-18 14:32:53,D:\IUT SEMESTER 7\CLIR\CLIR-News-Retrieval-System\data\raw\english\unb\175417_e1dea448.json
175418_06f6fc1a.json,english,unb,https://unb.com.bd/category/Sports/careys-home-ground-ton-and-khawajas-82-lift-australia-to-326-8-on-opening-day/175418,Carey’s home-ground ton and Khawaja’s 82 lift Australia to 326-8 on opening day,,2025-12-18 14:32:31,D:\IUT SEMESTER 7\CLIR\CLIR-News-Retrieval-System\data\raw\english\unb\175418_06f6fc1a.json
175419_576998a2.json,english,unb,https://unb.com.bd/category/Sports/thiago-silva-parts-ways-with-fluminense-targets-european-return/175419,"Thiago Silva parts ways with Fluminense, targets European return",,2025-12-18 14:32:37,D:\IUT SEMESTER 7\CLIR\CLIR-News-Retrieval-System\data\raw\english\unb\175419_576998a2.json
175420_733bae21.json,english,unb,https://unb.com.bd/category/World/over-1600-killed-in-attacks-on-sudans-health-facilities-this-year-who/175420,"Over 1,600 killed in attacks on Sudan’s health facilities this year: WHO",,2025-12-18 14:26:40,D:\IUT SEMESTER 7\CLIR\CLIR-News-Retrieval-System\data\raw\english\unb\175420_733bae21.json
175421_d6ae4519.json,english,unb,https://unb.com.bd/category/Business/japans-november-exports-grow-6-as-shipments-to-us-rebound/175421,Japan’s November exports grow 6% as shipments to US rebound,,2025-12-18 14:31:47,D:\IUT SEMESTER 7\CLIR\CLIR-News-Retrieval-System\data\raw\english\unb\175421_d6ae4519.json
175422_a4347d89.json,english,unb,https://unb.com.bd/category/Environment/unreliable-data-masks-severity-of-indias-air-pollution-crisis/175422,Unreliable data masks severity of India’s air pollution crisis,,2025-12-18 14:39:43,D:\IUT SEMESTER 7\CLIR\CLIR-News-Retrieval-System\data\raw\english\unb\175422_a4347d89.json
175423_16004659.json,english,unb,https://unb.com.bd/category/World/trumps-expanded-travel-ban-hits-africa-hardest-but-reactions-remain-muted/175423,"Trump’s expanded travel ban hits Africa hardest, but reactions remain muted",,2025-12-18 14:33:45,D:\IUT SEMESTER 7\CLIR\CLIR-News-Retrieval-System\data\raw\english\unb\175423_16004659.json
175425_b77b2206.json,english,unb,https://unb.com.bd/category/Lifestyle/most-americans-comfortable-giving-cash-as-holiday-gifts/175425,Most Americans comfortable giving cash as holiday gifts,,2025-12-18 14:36:44,D:\IUT SEMESTER 7\CLIR\CLIR-News-Retrieval-System\data\raw\english\unb\175425_b77b2206.json
175426_179235f3.json,english,unb,https://unb.com.bd/category/Special/depositors-stranded-as-merged-shariah-giant-bank-reels-from-liquidity-crisis/175426,Depositors stranded as merged 'Shariah giant bank' reels from liquidity crisis,,2025-12-18 14:27:02,D:\IUT SEMESTER 7\CLIR\CLIR-News-Retrieval-System\data\raw\english\unb\175426_179235f3.json
175427_67f65644.json,english,unb,https://unb.com.bd/category/World/netanyahu-approves-35-billion-natural-gas-export-deal-to-egypt-israels-largest/175427,"Netanyahu approves $35 billion natural gas export deal to Egypt, Israel’s largest",,2025-12-18 14:33:32,D:\IUT SEMESTER 7\CLIR\CLIR-News-Retrieval-System\data\raw\english\unb\175427_67f65644.json
175429_fb27cf88.json,english,unb,https://unb.com.bd/category/Bangladesh/motorcycle-collision-leaves-2-dead-in-sylhet/175429,Motorcycle collision leaves 2 dead in Sylhet,,2025-12-18 14:26:57,D:\IUT SEMESTER 7\CLIR\CLIR-News-Retrieval-System\data\raw\english\unb\175429_fb27cf88.json
175430_8d932662.json,english,unb,https://unb.com.bd/category/Bangladesh/2-arrested-in-sylhet-over-abduction-ransom/175430,"2 arrested in Sylhet over abduction, ransom",,2025-12-18 14:26:51,D:\IUT SEMESTER 7\CLIR\CLIR-News-Retrieval-System\data\raw\english\unb\175430_8d932662.json
175431_5cdca033.json,english,unb,https://unb.com.bd/category/Bangladesh/juice-vendor-stabbed-to-death-in-pabna-accused-held/175431,"Juice vendor stabbed to death in Pabna, accused held",,2025-12-18 14:26:34,D:\IUT SEMESTER 7\CLIR\CLIR-News-Retrieval-System\data\raw\english\unb\175431_5cdca033.json
175432_98f5a8ef.json,english,unb,https://unb.com.bd/category/Bangladesh/indian-visa-centre-in-dhaka-now-operational/175432,Indian visa centre in Dhaka now operational,,2025-12-18 14:26:45,D:\IUT SEMESTER 7\CLIR\CLIR-News-Retrieval-System\data\raw\english\unb\175432_98f5a8ef.json
175433_ca4d53db.json,english,unb,https://unb.com.bd/category/Bangladesh/another-bangladeshi-peacekeeper-injured-in-sudan-drone-attack/175433,Another Bangladeshi peacekeeper injured in Sudan drone attack,,2025-12-18 14:26:53,D:\IUT SEMESTER 7\CLIR\CLIR-News-Retrieval-System\data\raw\english\unb\175433_ca4d53db.json
175434_c486cd0a.json,english,unb,https://unb.com.bd/category/Bangladesh/uk-high-commission-marks-commonwealth-games-kings-baton-arrival-in-bangladesh/175434,UK High Commission marks Commonwealth Games King’s Baton arrival in Bangladesh,,2025-12-18 14:26:48,D:\IUT SEMESTER 7\CLIR\CLIR-News-Retrieval-System\data\raw\english\unb\175434_c486cd0a.json
175435_5cdcd48b.json,english,unb,https://unb.com.bd/category/Business/stocks-falter-in-early-trade-at-dse-cse/175435,"Stocks falter in early trade at DSE, CSE",,2025-12-18 14:31:50,D:\IUT SEMESTER 7\CLIR\CLIR-News-Retrieval-System\data\raw\english\unb\175435_5cdcd48b.json
175436_13aee87c.json,english,unb,https://unb.com.bd/category/Bangladesh/bangladesh-sees-rise-in-road-accidents-deaths-in-november-rsf/175436,"Bangladesh sees rise in road accidents, deaths in November: RSF",,2025-12-18 14:26:43,D:\IUT SEMESTER 7\CLIR\CLIR-News-Retrieval-System\data\raw\english\unb\175436_13aee87c.json
175437_1d4b6600.json,english,unb,https://unb.com.bd/category/Business/dse-launches-help-desk-to-improve-investor-information-services/175437,DSE launches Help Desk to improve investor information services,,2025-12-18 14:29:09,D:\IUT SEMESTER 7\CLIR\CLIR-News-Retrieval-System\data\raw\english\unb\175437_1d4b6600.json
175438_76922c0f.json,english,unb,https://unb.com.bd/category/Bangladesh/ncp-leader-found-dead-at-hazaribagh-hostel/175438,NCP leader found dead at Hazaribagh hostel,,2025-12-18 14:26:32,D:\IUT SEMESTER 7\CLIR\CLIR-News-Retrieval-System\data\raw\english\unb\175438_76922c0f.json
175439_00d92627.json,english,unb,https://unb.com.bd/category/Business/opsonin-pharma-holds-annual-sales-conference/175439,Opsonin Pharma holds Annual Sales Conference,,2025-12-18 14:31:44,D:\IUT SEMESTER 7\CLIR\CLIR-News-Retrieval-System\data\raw\english\unb\175439_00d92627.json
175440_7a835d79.json,english,unb,https://unb.com.bd/category/Bangladesh/cumilla-bus-services-suspended-as-owners-enforce-strike/175440,Cumilla bus services suspended as owners enforce strike,,2025-12-18 14:26:37,D:\IUT SEMESTER 7\CLIR\CLIR-News-Retrieval-System\data\raw\english\unb\175440_7a835d79.json
175441_cf72d470.json,english,unb,https://unb.com.bd/category/Politics/no-change-in-khaledas-condition-dr-zahid/175441,No change in Khaleda's condition: Dr Zahid,,2025-12-18 14:27:05,D:\IUT SEMESTER 7\CLIR\CLIR-News-Retrieval-System\data\raw\english\unb\175441_cf72d470.json
